Артикул (Id Товара);Шаблоны;Кол-во вхождений
20082560;catalog_26673_26-09-14-11.xlsx;1
20082561;catalog_26673_26-09-14-11.xlsx;1
20083046;catalog_26673_26-09-14-11.xlsx;1
20083495;catalog_26673_26-09-14-11.xlsx;1
20083716;catalog_26673_26-09-14-11.xlsx;1
20085988;catalog_26673_26-09-14-11.xlsx;1
20085989;catalog_26673_26-09-14-11.xlsx;1
20086325;catalog_26673_26-09-14-11.xlsx;1
400095987;catalog_29923_26-09-14-11.xlsx;1
400184937;catalog_26673_26-09-14-11.xlsx;1
400185461;catalog_26673_26-09-14-11.xlsx;1
400273174;catalog_26673_26-09-14-11.xlsx;1
400273175;catalog_26673_26-09-14-11.xlsx;1
400300872;catalog_26673_26-09-14-11.xlsx;1
400310242;catalog_29923_26-09-14-11.xlsx;1
400364545;catalog_26673_26-09-14-11.xlsx;1
400364562;catalog_29923_26-09-14-11.xlsx;1
400444780;catalog_29923_26-09-14-11.xlsx;1
400446273;catalog_29923_26-09-14-11.xlsx;1
400455170;catalog_29923_26-09-14-11.xlsx;1
400457908;catalog_29923_26-09-14-11.xlsx;1
400505476;catalog_29923_26-09-14-11.xlsx;1
400506631;catalog_29923_26-09-14-11.xlsx;1
400538982;catalog_29923_26-09-14-11.xlsx;1
400559529;catalog_26673_26-09-14-11.xlsx;1
400559552;catalog_26673_26-09-14-11.xlsx;1
400559554;catalog_26673_26-09-14-11.xlsx;1
400596119;catalog_29923_26-09-14-11.xlsx;1
400640028;catalog_29923_26-09-14-11.xlsx;1
400779309;catalog_29923_26-09-14-11.xlsx;1
400779839;catalog_29923_26-09-14-11.xlsx;1
400780051;catalog_29923_26-09-14-11.xlsx;1
401045770;catalog_29923_26-09-14-11.xlsx;1
401046068;catalog_29923_26-09-14-11.xlsx;1
