Источник;id;Путь
консоль (нет в админке);9486;Default
консоль (нет в админке);30133;Автомобили
консоль (нет в админке);26269;Автотовары / Автозвук / Головные устройства
консоль (нет в админке);26083;Автотовары / Аксессуары и принадлежности / Защита кузова авто / Защита системы выпуска
консоль (нет в админке);26152;Автотовары / Аксессуары и принадлежности / Перевозка багажа / Дуги
консоль (нет в админке);26158;Автотовары / Аксессуары и принадлежности / Перевозка багажа / Рейлинги
консоль (нет в админке);26227;Автотовары / Гараж и автосервис / Замена жидкостей автомобиля / Раздаточные пистолеты
консоль (нет в админке);26228;Автотовары / Гараж и автосервис / Замена жидкостей автомобиля / Счетчики для ГСМ
консоль (нет в админке);26212;Автотовары / Гараж и автосервис / Подъемники для моторемонта
консоль (нет в админке);26213;Автотовары / Гараж и автосервис / Подъемное оборудование
консоль (нет в админке);26173;Автотовары / Товары для мототехники, мотоэкипировка / Квадроциклы
консоль (нет в админке);26167;Автотовары / Товары для мототехники, мотоэкипировка / Экипировка для снегоходов
консоль (нет в админке);26200;Автотовары / Уход за автомобилем / Осушители для автомобилей
консоль (нет в админке);26263;Автотовары / Шины и диски / Флипперы и эмблемы
консоль (нет в админке);26037;Автотовары / Электроника для авто / Автомобильные телевизоры
консоль (нет в админке);26057;Автотовары / Электроника для авто / Подавители сигнала GPS
консоль (нет в админке);26483;Аксессуары / Аксессуары для девочек / Головные уборы / Банданы
консоль (нет в админке);26458;Аксессуары / Аксессуары для девочек / Носовые платки и повязки / Повязки
консоль (нет в админке);26466;Аксессуары / Аксессуары для девочек / Ремни и пояса / Пояса
консоль (нет в админке);26465;Аксессуары / Аксессуары для девочек / Ремни и пояса / Ремни
консоль (нет в админке);26460;Аксессуары / Аксессуары для девочек / Шарфы и платки / Носовые платки
консоль (нет в админке);26510;Аксессуары / Аксессуары для мальчиков / Галстуки и бабочки, карманные платки / Карманные платки
консоль (нет в админке);26528;Аксессуары / Аксессуары для мальчиков / Головные уборы / Наушники меховые
консоль (нет в админке);30674;Аксессуары / Головные уборы
консоль (нет в админке);26386;Аксессуары / Женские аксессуары / Головные уборы / Банданы (Old)
консоль (нет в админке);26426;Аксессуары / Женские аксессуары / Кошельки, ключницы и визитницы / Зажимы для купюр
консоль (нет в админке);26363;Аксессуары / Женские аксессуары / Платки и шарфы / Парео (Old)
консоль (нет в админке);26392;Аксессуары / Женские аксессуары / Свадебные аксессуары / Сумки и клатчи (Old)
консоль (нет в админке);26446;Аксессуары / Женские аксессуары / Ювелирные украшения / Пирсинг
консоль (нет в админке);26450;Аксессуары / Женские аксессуары / Ювелирные украшения / Часы
консоль (нет в админке);30635;Аксессуары / Зонты
консоль (нет в админке);30641;Аксессуары / Картхолдеры
консоль (нет в админке);30637;Аксессуары / Ключницы
консоль (нет в админке);30638;Аксессуары / Косметички
консоль (нет в админке);30636;Аксессуары / Кошельки
консоль (нет в админке);26323;Аксессуары / Мужские аксессуары / Галстуки, бабочки, карманные платки / Карманные платки
консоль (нет в админке);26304;Аксессуары / Мужские аксессуары / Платки и шарфы / Палантины
консоль (нет в админке);26288;Аксессуары / Мужские аксессуары / Ювелирные украшения / Запонки и зажимы
консоль (нет в админке);26292;Аксессуары / Мужские аксессуары / Ювелирные украшения / Ремешки, застежки для часов (Old)
консоль (нет в админке);26291;Аксессуары / Мужские аксессуары / Ювелирные украшения / Серьги
консоль (нет в админке);30639;Аксессуары / Обложки для документов
консоль (нет в админке);30640;Аксессуары / Футляры для очков
консоль (нет в админке);30722;Аксессуары / Часы наручные
консоль (нет в админке);30134;Антиквариат и винтаж
консоль (нет в админке);30720;Бытовая техника / Климатическая техника / Вентиляторы / Все вентиляторы
консоль (нет в админке);30626;Бытовая техника / Климатическая техника / Климатические комплексы
консоль (нет в админке);30695;Бытовая техника / Климатическая техника / Тепловые завесы
консоль (нет в админке);30643;Бытовая техника / Климатическая техника / Электрокамины
консоль (нет в админке);30701;Бытовая техника / Крупная бытовая техника / Аксессуары для крупной бытовой техники / Для сушильних машин
консоль (нет в админке);26606;Бытовая техника / Крупная бытовая техника / Аксессуары для крупной бытовой техники / Запчасти для кулеров
консоль (нет в админке);26580;Бытовая техника / Техника для дома / Пылесосы и аксессуары / Запчасти (Old)
консоль (нет в админке);26557;Бытовая техника / Техника для дома / Швейные машины и аксессуары / Коверлоки
консоль (нет в админке);26561;Бытовая техника / Техника для дома / Швейные машины и аксессуары / Мешкозашивочные машины
консоль (нет в админке);26628;Бытовая техника / Техника для кухни / Аксессуары для кухонной техники / Фильтры для очистки самогона
консоль (нет в админке);26625;Бытовая техника / Техника для кухни / Аксессуары для кухонной техники / Фильтры для фритюрниц
консоль (нет в админке);26634;Бытовая техника / Техника для кухни / Кофемашины и кофеварки / Средства по уходу для кофемашин
консоль (нет в админке);26646;Бытовая техника / Техника для кухни / Мелкая техника для кухни / Картофелечистки и рыбочистки
консоль (нет в админке);26640;Бытовая техника / Техника для кухни / Мелкая техника для кухни / Маринаторы
консоль (нет в админке);26645;Бытовая техника / Техника для кухни / Мелкая техника для кухни / Нитратомеры и экотестеры
консоль (нет в админке);30718;Бытовая техника / Техника для кухни / Печи и грили / Аэрогрили
консоль (нет в админке);30644;Бытовая техника / Техника для кухни / Подогреватели посуды
консоль (нет в админке);26705;Бытовая техника / Техника для кухни / Техника для приготовления блюд / Омлетницы
консоль (нет в админке);26707;Бытовая техника / Техника для кухни / Техника для приготовления блюд / Электрофондю
консоль (нет в админке);30713;Бытовая техника / Техника для общепита / Тестомесильные машины
консоль (нет в админке);30693;Бытовая техника / Техника для общепита / Холодильные витрины
консоль (нет в админке);26850;Бытовая химия и личная гигиена / Мыло / Бельди (Old)
консоль (нет в админке);26799;Бытовая химия и личная гигиена / Средства для ухода за бытовой техникой / Для посудомоечных машин
консоль (нет в админке);26778;Бытовая химия и личная гигиена / Товары для бритья / Уход за бородой (Old)
консоль (нет в админке);26959;Дача, сад и огород / Бассейны и аксессуары / Шарики для сухих бассейнов
консоль (нет в админке);26863;Дача, сад и огород / Пикник, барбекю, гриль / Принадлежности для барбекю
консоль (нет в админке);30684;Дача, сад и огород / Садовая мебель и декор / Наборы садовой мебели
консоль (нет в админке);26947;Дача, сад и огород / Садовая техника / Аэрация газона
консоль (нет в админке);26909;Дача, сад и огород / Садовый инструмент / Аксессуары и расходные материалы / Укрывной материал и пленка
консоль (нет в админке);26889;Дача, сад и огород / Садовый инструмент / Уход за территорией / Компостеры
консоль (нет в админке);27007;Детские товары / Гигиена и подгузники / Детская косметика / Декоративная косметика
консоль (нет в админке);27015;Детские товары / Гигиена и подгузники / Детская косметика / Наборы декоративной косметики
консоль (нет в админке);30719;Детские товары / Гигиена и подгузники / Уход за ребенком / Весы
консоль (нет в админке);27023;Детские товары / Гигиена и подгузники / Уход за ребенком / Детские ножницы
консоль (нет в админке);30709;Детские товары / Детская комната / Защита и безопасность / Наколенники
консоль (нет в админке);27175;Детские товары / Детское творчество / Лепка / Цветной песок
консоль (нет в админке);27437;Здоровье / Витамины, БАДы, пищевые добавки / БАДы
консоль (нет в админке);27441;Здоровье / Витамины, БАДы, пищевые добавки / Витамины
консоль (нет в админке);27436;Здоровье / Витамины, БАДы, пищевые добавки / Спирулина
консоль (нет в админке);30689;Здоровье / Массажеры и массажное оборудование / Массажные кресла
консоль (нет в админке);27434;Здоровье / Массажное оборудование
консоль (нет в админке);27483;Здоровье / Медицинские изделия и расходные материалы / Диагностические тесты / Тесты на инфекцию
консоль (нет в админке);27482;Здоровье / Медицинские изделия и расходные материалы / Диагностические тесты / Экспресс-тесты на коронавирус (Old)
консоль (нет в админке);29659;Зоотовары / Ветаптека / Капли для животных
консоль (нет в админке);29651;Зоотовары / Ветаптека / Напитки для животных (old)
консоль (нет в админке);29660;Зоотовары / Ветаптека / Пасты и гели
консоль (нет в админке);29663;Зоотовары / Ветаптека / Спреи
консоль (нет в админке);29662;Зоотовары / Ветаптека / Суспензии
консоль (нет в админке);29732;Зоотовары / Гигиена / Косметика для животных / Пудра
консоль (нет в админке);29746;Зоотовары / Груминг / Фены
консоль (нет в админке);29638;Зоотовары / Для кошек / Лестницы
консоль (нет в админке);29608;Зоотовары / Для птиц / Игрушки и аксессуары для птиц / Переноски
консоль (нет в админке);29614;Зоотовары / Для рыб и рептилий / Переноски
консоль (нет в админке);29695;Зоотовары / Для сельскохозяйственных животных / Для коз и овец
консоль (нет в админке);29692;Зоотовары / Для сельскохозяйственных животных / Для коров
консоль (нет в админке);29696;Зоотовары / Для сельскохозяйственных животных / Для лошадей
консоль (нет в админке);29693;Зоотовары / Для сельскохозяйственных животных / Для свиней
консоль (нет в админке);29697;Зоотовары / Для сельскохозяйственных животных / Для с/х птиц
консоль (нет в админке);29703;Зоотовары / Для сельскохозяйственных животных / Маслобойки
консоль (нет в админке);29688;Зоотовары / Для собак / Амуниция
консоль (нет в админке);29687;Зоотовары / Для собак / Груминг
консоль (нет в админке);29682;Зоотовары / Для собак / Подставки для мисок
консоль (нет в админке);29680;Зоотовары / Для собак / Товары для дрессировки собак и аммуниция
консоль (нет в админке);27570;Канцтовары / Бумага / Фольга цветная
консоль (нет в админке);27542;Канцтовары / Бумажная продукция / Телефонные книги
консоль (нет в админке);27521;Канцтовары / Демонстрационные доски и аксессуары / Доски меловые
консоль (нет в админке);27520;Канцтовары / Демонстрационные доски и аксессуары / Магнитные доски
консоль (нет в админке);27519;Канцтовары / Демонстрационные доски и аксессуары / Маркерно-меловые доски
консоль (нет в админке);27526;Канцтовары / Демонстрационные доски и аксессуары / Маркерные доски
консоль (нет в админке);27525;Канцтовары / Демонстрационные доски и аксессуары / Пробковые доски
консоль (нет в админке);27524;Канцтовары / Демонстрационные доски и аксессуары / Флипчарты
консоль (нет в админке);27567;Канцтовары / Картриджи
консоль (нет в админке);30700;Канцтовары / Оборудование для торговли / Весы
консоль (нет в админке);30708;Канцтовары / Оборудование для торговли / Прочее оборудование для торговли
консоль (нет в админке);27510;Канцтовары / Папки и файлы / Папки-планшеты
консоль (нет в админке);27506;Канцтовары / Папки и файлы / Папки подвесные
консоль (нет в админке);27564;Канцтовары / Печати и штампы / Кассы
консоль (нет в админке);30632;Канцтовары / Печатная продукция на заказ / Офсетная печать
консоль (нет в админке);30634;Канцтовары / Печатная продукция на заказ / Цифровая печать
консоль (нет в админке);30633;Канцтовары / Печатная продукция на заказ / Широкоформатная печать
консоль (нет в админке);27557;Канцтовары / Чертежные принадлежности / Рейсфедеры
консоль (нет в админке);27717;Книги / Бизнес-литература / Культура бизнеса
консоль (нет в админке);27713;Книги / Бизнес-литература / Личные финансы
консоль (нет в админке);27719;Книги / Бизнес-литература / Недвижимость
консоль (нет в админке);27689;Книги / Букинистика / Boom! Studios
консоль (нет в админке);27685;Книги / Букинистика / Bubble
консоль (нет в админке);27687;Книги / Букинистика / Dark Horse
консоль (нет в админке);27699;Книги / Букинистика / DC
консоль (нет в админке);27696;Книги / Букинистика / Disney
консоль (нет в админке);27700;Книги / Букинистика / IDW Publishing
консоль (нет в админке);27693;Книги / Букинистика / Image Studios
консоль (нет в админке);27686;Книги / Букинистика / Marvel
консоль (нет в админке);27692;Книги / Букинистика / Mirage Studios
консоль (нет в админке);27690;Книги / Букинистика / Valiant
консоль (нет в админке);27691;Книги / Букинистика / Vertigo
консоль (нет в админке);27688;Книги / Букинистика / Звёздные войны
консоль (нет в админке);27697;Книги / Букинистика / Комиксы на английском языке
консоль (нет в админке);27729;Книги / Календари (Old)
консоль (нет в админке);27670;Книги / Учебная литература / Аспирантам
консоль (нет в админке);28010;Красота / Детям и беременным / Масло (Old)
консоль (нет в админке);27986;Красота / Для мужчин / Уход за лицом и телом / Бальзамы до и после бритья (Old)
консоль (нет в админке);27987;Красота / Для мужчин / Уход за лицом и телом / Лосьоны до и после бритья (Old)
консоль (нет в админке);27856;Красота / Маникюр и педикюр / Разбавители лаков (Old)
консоль (нет в админке);27770;Красота / Парфюмерия / Духи сухие и масляные (Old)
консоль (нет в админке);27779;Красота / Парфюмерия / Флаконы для духов (Old)
консоль (нет в админке);27839;Красота / Техника для красоты / Аппаратная косметология (Old)
консоль (нет в админке);27840;Красота / Техника для красоты / Мини-солярии
консоль (нет в админке);27953;Красота / Уход за волосами / Средства для очищения и ухода / Спреи уходовые (Old)
консоль (нет в админке);27914;Красота / Уход за лицом / Глина
консоль (нет в админке);27911;Красота / Уход за лицом / Маски  (Old)
консоль (нет в админке);27913;Красота / Уход за лицом / Маски тканевые (Old)
консоль (нет в админке);27887;Красота / Уход за лицом / Увлажнение и питание / Ночные кремы (Old)
консоль (нет в админке);30630;Обувь / Аксессуары для обуви / Снегоступы
консоль (нет в админке);28097;Обувь / Женская обувь / Кроссовки и кеды / Эспадрильи
консоль (нет в админке);28111;Обувь / Женская обувь / Шлепанцы и сланцы / Сланцы
консоль (нет в админке);28110;Обувь / Женская обувь / Шлепанцы и сланцы / Шлепанцы
консоль (нет в админке);28046;Обувь / Мужская обувь / Ботинки и полуботинки / Челси
консоль (нет в админке);28055;Обувь / Мужская обувь / Туфли и мокасины / Броги
консоль (нет в админке);28056;Обувь / Мужская обувь / Туфли и мокасины / Дерби
консоль (нет в админке);28058;Обувь / Мужская обувь / Туфли и мокасины / Оксфорды
консоль (нет в админке);28074;Обувь / Мужская обувь / Угги и валенки / Унты
консоль (нет в админке);28142;Обувь / Обувь для девочек / Кроссовки и кеды / Эспадрильи
консоль (нет в админке);28136;Обувь / Обувь для девочек / Шлепанцы и сабо / Сланцы
консоль (нет в админке);28022;Обувь / Обувь для мальчиков / Кроссовки и кеды / Слипоны
консоль (нет в админке);28034;Обувь / Обувь для мальчиков / Шлепанцы и сланцы / Сланцы
консоль (нет в админке);28033;Обувь / Обувь для мальчиков / Шлепанцы и сланцы / Шлепанцы
консоль (нет в админке);30646;Одежда / Домашняя одежда
консоль (нет в админке);28269;Одежда / Женская одежда / Верхняя одежда / Дождевики (Old)
консоль (нет в админке);28267;Одежда / Женская одежда / Верхняя одежда / Натуральные дубленки и шубы
консоль (нет в админке);28224;Одежда / Женская одежда / Одежда для беременных / Блузки и рубашки
консоль (нет в админке);28222;Одежда / Женская одежда / Одежда для беременных / Комбинезоны
консоль (нет в админке);28220;Одежда / Женская одежда / Одежда для беременных / Свитеры, джемперы и кардиганы
консоль (нет в админке);28219;Одежда / Женская одежда / Одежда для беременных / Толстовки и олимпийки
консоль (нет в админке);28225;Одежда / Женская одежда / Одежда для беременных / Юбки и шорты
консоль (нет в админке);28245;Одежда / Женская одежда / Платья и сарафаны / Платья свадебные
консоль (нет в админке);28193;Одежда / Мужская одежда / Верхняя одежда / Искусственные дубленки и шубы
консоль (нет в админке);28163;Одежда / Мужская одежда / Домашняя одежда / Комбинезоны домашние
консоль (нет в админке);30662;Одежда / Одежда для всей семьи / Блузки
консоль (нет в админке);30670;Одежда / Одежда для всей семьи / Бриджи
консоль (нет в админке);30653;Одежда / Одежда для всей семьи / Брюки
консоль (нет в админке);30705;Одежда / Одежда для всей семьи / Ветровки
консоль (нет в админке);30669;Одежда / Одежда для всей семьи / Водолазки
консоль (нет в админке);30659;Одежда / Одежда для всей семьи / Джемперы
консоль (нет в админке);30666;Одежда / Одежда для всей семьи / Жилеты
консоль (нет в админке);30665;Одежда / Одежда для всей семьи / Кардиганы
консоль (нет в админке);30677;Одежда / Одежда для всей семьи / Комбинезоны
консоль (нет в админке);30714;Одежда / Одежда для всей семьи / Комплекты верхней одежды
консоль (нет в админке);30656;Одежда / Одежда для всей семьи / Комплекты одежды
консоль (нет в админке);30660;Одежда / Одежда для всей семьи / Костюмы классические
консоль (нет в админке);30664;Одежда / Одежда для всей семьи / Костюмы спортивные
консоль (нет в админке);30706;Одежда / Одежда для всей семьи / Куртки
консоль (нет в админке);30657;Одежда / Одежда для всей семьи / Лонгсливы
консоль (нет в админке);30675;Одежда / Одежда для всей семьи / Майки
консоль (нет в админке);30679;Одежда / Одежда для всей семьи / Ночные сорочки
консоль (нет в админке);30678;Одежда / Одежда для всей семьи / Пиджаки
консоль (нет в админке);30663;Одежда / Одежда для всей семьи / Пижамы
консоль (нет в админке);30652;Одежда / Одежда для всей семьи / Платья
консоль (нет в админке);30704;Одежда / Одежда для всей семьи / Поло
консоль (нет в админке);30716;Одежда / Одежда для всей семьи / Пончо
консоль (нет в админке);30658;Одежда / Одежда для всей семьи / Рубашки
консоль (нет в админке);30673;Одежда / Одежда для всей семьи / Сарафаны
консоль (нет в админке);30667;Одежда / Одежда для всей семьи / Свитеры
консоль (нет в админке);30661;Одежда / Одежда для всей семьи / Свитшоты
консоль (нет в админке);30668;Одежда / Одежда для всей семьи / Толстовки
консоль (нет в админке);30676;Одежда / Одежда для всей семьи / Топы
консоль (нет в админке);30671;Одежда / Одежда для всей семьи / Туники
консоль (нет в админке);30654;Одежда / Одежда для всей семьи / Футболки
консоль (нет в админке);30680;Одежда / Одежда для всей семьи / Халаты
консоль (нет в админке);30672;Одежда / Одежда для всей семьи / Шорты
консоль (нет в админке);30655;Одежда / Одежда для всей семьи / Юбки
консоль (нет в админке);30187;Продукты питания / Бакалея / Булгур, киноа, кускус
консоль (нет в админке);30185;Продукты питания / Бакалея / Гречка
консоль (нет в админке);30177;Продукты питания / Бакалея / Домашняя лапша
консоль (нет в админке);30201;Продукты питания / Бакалея / Манная
консоль (нет в админке);30203;Продукты питания / Бакалея / Овсяная
консоль (нет в админке);30202;Продукты питания / Бакалея / Полба
консоль (нет в админке);30183;Продукты питания / Бакалея / Приправы, специи, пищевые добавки / Изготовление колбас
консоль (нет в админке);30217;Продукты питания / Бакалея / Прочие крупы
консоль (нет в админке);30204;Продукты питания / Бакалея / Пшено
консоль (нет в админке);30188;Продукты питания / Бакалея / Соевые продукты
консоль (нет в админке);30199;Продукты питания / Бакалея / Тортильи и лаваши
консоль (нет в админке);30216;Продукты питания / Бакалея / Ячменная
консоль (нет в админке);30258;Продукты питания / Вода, соки, напитки / Бальзамы, тоники, эликсиры
консоль (нет в админке);30253;Продукты питания / Вода, соки, напитки / Безалкогольное пиво
консоль (нет в админке);30257;Продукты питания / Вода, соки, напитки / Безалкогольное шампанское, вино, виски
консоль (нет в админке);30248;Продукты питания / Вода, соки, напитки / Вода
консоль (нет в админке);30252;Продукты питания / Вода, соки, напитки / Газированные напитки
консоль (нет в админке);30254;Продукты питания / Вода, соки, напитки / Импортные напитки
консоль (нет в админке);30249;Продукты питания / Вода, соки, напитки / Квас, холодный чай, комбуча
консоль (нет в админке);30251;Продукты питания / Вода, соки, напитки / Морсы, кисели, компоты
консоль (нет в админке);30250;Продукты питания / Вода, соки, напитки / Соки, нектары, смузи
консоль (нет в админке);30256;Продукты питания / Вода, соки, напитки / Энергетические напитки
консоль (нет в админке);30138;Продукты питания / Детское питание / Батончики
консоль (нет в админке);30139;Продукты питания / Детское питание / Печенье
консоль (нет в админке);30153;Продукты питания / Клетчатка (Old)
консоль (нет в админке);30267;Продукты питания / Кондитерские изделия / Крафтовый шоколад
консоль (нет в админке);30296;Продукты питания / Мед, варенье, сиропы / Варенье, протертые ягоды
консоль (нет в админке);30300;Продукты питания / Мед, варенье, сиропы / Молочные консервы
консоль (нет в админке);30158;Продукты питания / Молочные продукты / Закваски
консоль (нет в админке);30263;Продукты питания / Орехи, сухофрукты, семечки / Хумус
консоль (нет в админке);30159;Продукты питания / Отруби (Old)
консоль (нет в админке);30147;Продукты питания / Спортивное питание / Аминокислоты и BCAA
консоль (нет в админке);30152;Продукты питания / Спортивное питание / Витамины и минералы
консоль (нет в админке);30148;Продукты питания / Спортивное питание / Гейнеры
консоль (нет в админке);30151;Продукты питания / Спортивное питание / Другое
консоль (нет в админке);30149;Продукты питания / Спортивное питание / Жиросжигатели
консоль (нет в админке);30150;Продукты питания / Спортивное питание / Креатин
консоль (нет в админке);30236;Продукты питания / Чай, кофе, горячие напитки / Кэроб
консоль (нет в админке);30230;Продукты питания / Чай, кофе, горячие напитки / Чай зеленый
консоль (нет в админке);30232;Продукты питания / Чай, кофе, горячие напитки / Чай красный
консоль (нет в админке);30229;Продукты питания / Чай, кофе, горячие напитки / Чай с добавками
консоль (нет в админке);30222;Продукты питания / Чипсы, сухарики, снеки / Импортные снеки
консоль (нет в админке);30220;Продукты питания / Чипсы, сухарики, снеки / Копченые, вяленые, сушеные морепродукты и мясные закуски
консоль (нет в админке);30647;Спорт и отдых / Активные виды отдыха / Аксессуары
консоль (нет в админке);28606;Спорт и отдых / Активные виды отдыха / Джамперы и погостики
консоль (нет в админке);28607;Спорт и отдых / Активные виды отдыха / Слэклайн
консоль (нет в админке);28731;Спорт и отдых / Виды спорта / Бег / Одежда
консоль (нет в админке);28644;Спорт и отдых / Виды спорта / Водный спорт / Водное поло
консоль (нет в админке);28648;Спорт и отдых / Виды спорта / Водный спорт / Водные аттракционы
консоль (нет в админке);28649;Спорт и отдых / Виды спорта / Водный спорт / Дайвинг
консоль (нет в админке);28647;Спорт и отдых / Виды спорта / Водный спорт / Кайтсерфинг, виндсерфинг, вейкбординг, каякинг
консоль (нет в админке);28632;Спорт и отдых / Виды спорта / Водный спорт / Плавание / Спортивные полотенца
консоль (нет в админке);28651;Спорт и отдых / Виды спорта / Водный спорт / Яхтинг
консоль (нет в админке);28625;Спорт и отдых / Виды спорта / Зимний спорт / Беговые лыжи
консоль (нет в админке);28624;Спорт и отдых / Виды спорта / Зимний спорт / Горные лыжи
консоль (нет в админке);28620;Спорт и отдых / Виды спорта / Зимний спорт / Фигурное катание
консоль (нет в админке);28773;Спорт и отдых / Виды спорта / Игры с ракетками / Мячи для тетербола
консоль (нет в админке);28776;Спорт и отдых / Виды спорта / Игры с ракетками / Сквош
консоль (нет в админке);28708;Спорт и отдых / Виды спорта / Командные виды спорта / Бейсбол / Наборы
консоль (нет в админке);28743;Спорт и отдых / Виды спорта / Конный спорт
консоль (нет в админке);28733;Спорт и отдых / Виды спорта / Теннис и бадминтон
консоль (нет в админке);30627;Спорт и отдых / Виды спорта / Фитнес и тренажеры / Йога и пилатес / Пропсы
консоль (нет в админке);30629;Спорт и отдых / Виды спорта / Фитнес и тренажеры / Йога и пилатес / Скамейки для медитации
консоль (нет в админке);30628;Спорт и отдых / Виды спорта / Фитнес и тренажеры / Йога и пилатес / Стулья для йоги
консоль (нет в админке);30712;Спорт и отдых / Виды спорта / Фитнес и тренажеры / Скамьи и стойки
консоль (нет в админке);28558;Спорт и отдых / Отдых на природе, рыбалка и охота / Туризм и отдых на природе / Горелки, туристические плиты и зажигалки / Газ и бензин для заправки
консоль (нет в админке);28555;Спорт и отдых / Отдых на природе, рыбалка и охота / Туризм и отдых на природе / Горелки, туристические плиты и зажигалки / Горелки
консоль (нет в админке);28554;Спорт и отдых / Отдых на природе, рыбалка и охота / Туризм и отдых на природе / Горелки, туристические плиты и зажигалки / Зажигалки
консоль (нет в админке);28572;Спорт и отдых / Спортивная защита и экипировка / Повязка на шею
консоль (нет в админке);28590;Спорт и отдых / Спортивное питание / Аминокислоты / GABA
консоль (нет в админке);28599;Спорт и отдых / Спортивное питание / Витамины и минералы (Old)
консоль (нет в админке);28596;Спорт и отдых / Спортивное питание / Наборы
консоль (нет в админке);28789;Спорт и отдых / Спортивные аксессуары / Рюкзаки спортивные (Old)
консоль (нет в админке);28788;Спорт и отдых / Спортивные аксессуары / Сумки спортивные (Old)
консоль (нет в админке);30711;Строительство и ремонт / Водоснабжение для дома и сада / Счетчики воды
консоль (нет в админке);29043;Строительство и ремонт / Водоснабжение для дома и сада / Фильтрация воды / 11111
консоль (нет в админке);30587;Строительство и ремонт / Отделочные материалы / Кровельные элементы
консоль (нет в админке);30446;Строительство и ремонт / Отделочные материалы / Ламинат
консоль (нет в админке);30444;Строительство и ремонт / Отделочные материалы / Напольные покрытия
консоль (нет в админке);30588;Строительство и ремонт / Отделочные материалы / Черепица
консоль (нет в админке);30376;Строительство и ремонт / Отопление / Отопительные печи
консоль (нет в админке);29071;Строительство и ремонт / Отопление / Теплосчетчики
консоль (нет в админке);28867;Строительство и ремонт / Ручной инструмент и оснастка / Зажимные инструменты / Зажимы для опалубки
консоль (нет в админке);28830;Строительство и ремонт / Ручной инструмент и оснастка / Измерительные инструменты / Гидроуровни (Old)
консоль (нет в админке);30645;Строительство и ремонт / Ручной инструмент и оснастка / Инструменты для оптического волокна
консоль (нет в админке);28860;Строительство и ремонт / Ручной инструмент и оснастка / Расходные материалы / Строительные емкости (Old)
консоль (нет в админке);30688;Строительство и ремонт / Ручной инструмент и оснастка / Специальные инструменты
консоль (нет в админке);28839;Строительство и ремонт / Ручной инструмент и оснастка / Столярно-слесарные инструменты / Выколотки
консоль (нет в админке);28847;Строительство и ремонт / Ручной инструмент и оснастка / Столярно-слесарные инструменты / Пилы ручные (Old)
консоль (нет в админке);30681;Строительство и ремонт / Сантехника / Душевое оборудование / Душевые кабины
консоль (нет в админке);30710;Строительство и ремонт / Сантехника / Душевое оборудование / Фильтры для душа
консоль (нет в админке);30721;Строительство и ремонт / Сантехника / Унитазы и комплектующие / Биде
консоль (нет в админке);29033;Строительство и ремонт / Сантехника / Унитазы и комплектующие / Унитазы
консоль (нет в админке);28996;Строительство и ремонт / Электрика / Комплектующие и расходные материалы (Old)
консоль (нет в админке);28994;Строительство и ремонт / Электроинструменты / Запчасти (Old)
консоль (нет в админке);28929;Строительство и ремонт / Электроинструменты / Измерительные приборы / Анализатор качества воздуха
консоль (нет в админке);28922;Строительство и ремонт / Электроинструменты / Измерительные приборы / Динамометры
консоль (нет в админке);28923;Строительство и ремонт / Электроинструменты / Измерительные приборы / Тахометры
консоль (нет в админке);30687;Строительство и ремонт / Электроинструменты / Наборы
консоль (нет в админке);30707;Строительство и ремонт / Электроинструменты / Расходные элементы и оснастка / Насадки для строительного фена
консоль (нет в админке);28962;Строительство и ремонт / Электроинструменты / Расходные элементы и оснастка / Опорные пластины
консоль (нет в админке);29129;Товары для взрослых / Аксессуары для взрослых
консоль (нет в админке);29141;Товары для взрослых / Интимная косметика
консоль (нет в админке);29105;Товары для взрослых / Презервативы и лубриканты / Лубриканты
консоль (нет в админке);29104;Товары для взрослых / Презервативы и лубриканты / Презервативы
консоль (нет в админке);29108;Товары для взрослых / Секс-игрушки / Анальные игрушки
консоль (нет в админке);29110;Товары для взрослых / Секс-игрушки / Вагинальные шарики и тренажеры
консоль (нет в админке);29107;Товары для взрослых / Секс-игрушки / Вибраторы
консоль (нет в админке);29113;Товары для взрослых / Секс-игрушки / Куклы для секса
консоль (нет в админке);29111;Товары для взрослых / Секс-игрушки / Мастурбаторы
консоль (нет в админке);29114;Товары для взрослых / Секс-игрушки / Насадки и удлинители
консоль (нет в админке);29112;Товары для взрослых / Секс-игрушки / Страпоны
консоль (нет в админке);29109;Товары для взрослых / Секс-игрушки / Фаллоимитаторы
консоль (нет в админке);29115;Товары для взрослых / Секс-игрушки / Эрекционные кольца
консоль (нет в админке);29132;Товары для взрослых / Товары для БДСМ / Зажимы
консоль (нет в админке);29134;Товары для взрослых / Товары для БДСМ / Кляпы
консоль (нет в админке);29131;Товары для взрослых / Товары для БДСМ / Наборы для БДСМ
консоль (нет в админке);29136;Товары для взрослых / Товары для БДСМ / Наручники и фиксаторы
консоль (нет в админке);29135;Товары для взрослых / Товары для БДСМ / Ошейники, поводки и чокеры
консоль (нет в админке);29133;Товары для взрослых / Товары для БДСМ / Плетки и стеки
консоль (нет в админке);29165;Товары для взрослых / Товары для курения / Аксессуары для бонгов
консоль (нет в админке);29152;Товары для взрослых / Товары для курения / Аксессуары для кальянов / Калауды
консоль (нет в админке);29160;Товары для взрослых / Товары для курения / Аксессуары для кальянов / Кальяны
консоль (нет в админке);29153;Товары для взрослых / Товары для курения / Аксессуары для кальянов / Колбы
консоль (нет в админке);29154;Товары для взрослых / Товары для курения / Аксессуары для кальянов / Мундштуки
консоль (нет в админке);29161;Товары для взрослых / Товары для курения / Аксессуары для кальянов / Прочие аксессуары
консоль (нет в админке);29150;Товары для взрослых / Товары для курения / Аксессуары для кальянов / Смеси для кальяна
консоль (нет в админке);29151;Товары для взрослых / Товары для курения / Аксессуары для кальянов / Уголь
консоль (нет в админке);29155;Товары для взрослых / Товары для курения / Аксессуары для кальянов / Чаши
консоль (нет в админке);29156;Товары для взрослых / Товары для курения / Аксессуары для кальянов / Шахты
консоль (нет в админке);29158;Товары для взрослых / Товары для курения / Аксессуары для кальянов / Шила
консоль (нет в админке);29157;Товары для взрослых / Товары для курения / Аксессуары для кальянов / Шланги
консоль (нет в админке);29159;Товары для взрослых / Товары для курения / Аксессуары для кальянов / Щипцы
консоль (нет в админке);29147;Товары для взрослых / Товары для курения / Аксессуары для электронных сигарет
консоль (нет в админке);29163;Товары для взрослых / Товары для курения / Пепельницы
консоль (нет в админке);29166;Товары для взрослых / Товары для курения / Подарочные наборы для курения
консоль (нет в админке);29164;Товары для взрослых / Товары для курения / Портсигары и хьюмидоры
консоль (нет в админке);29162;Товары для взрослых / Товары для курения / Товары для самокруток
консоль (нет в админке);29148;Товары для взрослых / Товары для курения / Трубки и аксессуары
консоль (нет в админке);29146;Товары для взрослых / Товары для курения / Устройства для парения и аксессуары / Картриджи и испарители
консоль (нет в админке);29145;Товары для взрослых / Товары для курения / Устройства для парения и аксессуары / Системы нагревания
консоль (нет в админке);29144;Товары для взрослых / Товары для курения / Устройства для парения и аксессуары / Устройства для парения
консоль (нет в админке);29138;Товары для взрослых / Эротические сувениры и игры / Эротические игры
консоль (нет в админке);29140;Товары для взрослых / Эротические сувениры и игры / Эротические сладости
консоль (нет в админке);29139;Товары для взрослых / Эротические сувениры и игры / Эротические сувениры
консоль (нет в админке);29118;Товары для взрослых / Эротическое белье и костюмы / Комплекты эротического белья
консоль (нет в админке);29123;Товары для взрослых / Эротическое белье и костюмы / Костюмы для ролевых игр
консоль (нет в админке);29122;Товары для взрослых / Эротическое белье и костюмы / Маски для эротических игр
консоль (нет в админке);29121;Товары для взрослых / Эротическое белье и костюмы / Платья эротические
консоль (нет в админке);29128;Товары для взрослых / Эротическое белье и костюмы / Портупеи, гартеры, стрэпы
консоль (нет в админке);29120;Товары для взрослых / Эротическое белье и костюмы / Пэстисы
консоль (нет в админке);29124;Товары для взрослых / Эротическое белье и костюмы / Эротическая обувь
консоль (нет в админке);29126;Товары для взрослых / Эротическое белье и костюмы / Эротические боди и комбинезоны
консоль (нет в админке);29117;Товары для взрослых / Эротическое белье и костюмы / Эротические костюмы
консоль (нет в админке);29119;Товары для взрослых / Эротическое белье и костюмы / Эротические пеньюары и сорочки
консоль (нет в админке);29127;Товары для взрослых / Эротическое белье и костюмы / Эротические трусы
консоль (нет в админке);29125;Товары для взрослых / Эротическое белье и костюмы / Эротические чулки и колготки
консоль (нет в админке);30703;Товары для дома / Декор и интерьер / Аксессуары для каминов
консоль (нет в админке);30649;Товары для дома / Декор и интерьер / Часы / Часы напольные
консоль (нет в админке);30690;Товары для дома / Мебель / Аксессуары для мебели
консоль (нет в админке);30685;Товары для дома / Мебель / Комплекты мебели
консоль (нет в админке);30623;Товары для дома / Мебель / Кухонная мебель / Наполнение для кухонного модуля
консоль (нет в админке);29213;Товары для дома / Текстиль / Ковры и ковровые дорожки / Ковры для кухни
консоль (нет в админке);29212;Товары для дома / Текстиль / Ковры и ковровые дорожки / Шкуры
консоль (нет в админке);29187;Товары для дома / Текстиль / Подушки / Детские подушки
консоль (нет в админке);29185;Товары для дома / Текстиль / Подушки / Подушки и матрасы автомобильные
консоль (нет в админке);29178;Товары для дома / Текстиль / Шторы и карнизы / Японские панели
консоль (нет в админке);29220;Товары для дома / Текстиль / Электрогрелки
консоль (нет в админке);29226;Товары для дома / Текстиль / Электроматрасы
консоль (нет в админке);29225;Товары для дома / Текстиль / Электроодеяла
консоль (нет в админке);29221;Товары для дома / Текстиль / Электропростыни
консоль (нет в админке);29222;Товары для дома / Текстиль / Электросапоги
консоль (нет в админке);30377;Товары для дома / Товары для бани и сауны / Печи для бани и сауны
консоль (нет в админке);29516;Товары для дома / Товары для бани и сауны / Шайки и ушаты
консоль (нет в админке);29441;Товары для дома / Товары для кухни / Кухонные аксессуары / Ароматизаторы кухонные
консоль (нет в админке);29445;Товары для дома / Товары для кухни / Кухонные аксессуары / Грелки для чайников
консоль (нет в админке);29444;Товары для дома / Товары для кухни / Кухонные аксессуары / Зажигалки кухонные
консоль (нет в админке);29373;Товары для дома / Товары для кухни / Кухонные инструменты / Вспениватели молока
консоль (нет в админке);29292;Товары для дома / Товары для кухни / Одноразовая посуда и упаковка / Пакеты фасовочные
консоль (нет в админке);29467;Товары для дома / Товары для кухни / Посуда для приготовления / Наборы для фондю (Old)
консоль (нет в админке);29271;Товары для дома / Хозяйственные товары / Аксессуары для ванной / Коврики резиновые (Old)
консоль (нет в админке);30586;Товары для дома / Хозяйственные товары / Аксессуары для ванной / Экраны под ванну
консоль (нет в админке);29262;Товары для дома / Хозяйственные товары / Уход за одеждой и обувью / Прищепки бельевые
консоль (нет в админке);29575;Товары для дома / Хранение вещей / Баки для белья
консоль (нет в админке);29572;Товары для дома / Хранение вещей / Подставки для зонтов
консоль (нет в админке);27365;Хобби и творчество / Гадания и эзотерика / Аксессуары и атрибутика для гаданий (Old)
консоль (нет в админке);30686;Хобби и творчество / Пазлы, мозаики и фрески / Коврики для сборки пазлов
консоль (нет в админке);27212;Хобби и творчество / Рисование / Разбавители
консоль (нет в админке);30694;Хобби и творчество / Рукоделие / Наполнители для рукоделия
консоль (нет в админке);27356;Хобби и творчество / Рукоделие / Плетение (Old)
консоль (нет в админке);27305;Хобби и творчество / Рукоделие / Пэчворк и квилтинг (Old)
консоль (нет в админке);27332;Хобби и творчество / Рукоделие / Создание гобеленов (Old)
консоль (нет в админке);27324;Хобби и творчество / Рукоделие / Шитье и вышивание / Принадлежности для швейных машин (Old)
консоль (нет в админке);30715;Хобби и творчество / Рукоделие / Шитье и вышивание / Шевроны
консоль (нет в админке);27296;Хобби и творчество / Создание картин, фоторамок, открыток / Другое (Old)
консоль (нет в админке);27249;Хобби и творчество / Товары для праздников / Оформление праздника / Воздушные шары и аксессуары / Гелий в баллоне
консоль (нет в админке);27234;Хобби и творчество / Товары для праздников / Фейерверки и салюты / Бенгальские огни
консоль (нет в админке);27233;Хобби и творчество / Товары для праздников / Фейерверки и салюты / Петарды
консоль (нет в админке);27232;Хобби и творчество / Товары для праздников / Фейерверки и салюты / Ракеты
консоль (нет в админке);27231;Хобби и творчество / Товары для праздников / Фейерверки и салюты / Римские свечи и фонтаны
консоль (нет в админке);27235;Хобби и творчество / Товары для праздников / Фейерверки и салюты / Салюты
консоль (нет в админке);27237;Хобби и творчество / Товары для праздников / Фейерверки и салюты / Хлопушки (Old)
консоль (нет в админке);30702;Электроника / Аксессуары для электроники / Док-станции
консоль (нет в админке);30642;Электроника / Игровые приставки и контроллеры / Игровые консоли
консоль (нет в админке);29824;Электроника / Компьютерная техника / Аксессуары для компьютеров / ИБП и аксессуары / Аксессуары и запчасти для ИБП
консоль (нет в админке);29829;Электроника / Компьютерная техника / Аксессуары для компьютеров / Трекболы
консоль (нет в админке);30682;Электроника / Компьютерная техника / Комплектующие для компьютерной техники / Запчасти
консоль (нет в админке);30625;Электроника / Компьютерная техника / Комплектующие для компьютерной техники / Системы охлаждения для компьютеров / Системы водяного охлаждения
консоль (нет в админке);29861;Электроника / Компьютерная техника / Компьютеры / Промышленные компьютеры и серверы
консоль (нет в админке);29856;Электроника / Компьютерная техника / Хранение данных / Майнеры и кошельки для криптовалют
консоль (нет в админке);29999;Электроника / Навигаторы / Автомобильные навигаторы
консоль (нет в админке);29996;Электроника / Навигаторы / Туристические навигаторы
консоль (нет в админке);30648;Электроника / Наушники и аудиотехника / Аксессуары для проигрывателей / Виниловые пластинки
консоль (нет в админке);29980;Электроника / Наушники и аудиотехника / Аксессуары для проигрывателей / Головки звукоснимателей
консоль (нет в админке);29983;Электроника / Наушники и аудиотехника / Аксессуары для проигрывателей / Иглы для головок звукоснимателей
консоль (нет в админке);29979;Электроника / Наушники и аудиотехника / Аксессуары для проигрывателей / Студийное и сценическое оборудование
консоль (нет в админке);30717;Электроника / Наушники и аудиотехника / Аудиотехника / CD-проигрыватели
консоль (нет в админке);29943;Электроника / Наушники и аудиотехника / Аудиотехника / Hi-Res плееры
консоль (нет в админке);29941;Электроника / Наушники и аудиотехника / Аудиотехника / Музыкальные центры
консоль (нет в админке);30699;Электроника / Наушники и аудиотехника / Наушники / Все наушники
консоль (нет в админке);29973;Электроника / Наушники и аудиотехника / Наушники / Усилители для наушников
консоль (нет в админке);29967;Электроника / Наушники и аудиотехника / Периферия и аксессуары / Антенны для музыкальных центров
консоль (нет в админке);29965;Электроника / Наушники и аудиотехника / Периферия и аксессуары / Предусилители
консоль (нет в админке);29962;Электроника / Наушники и аудиотехника / Периферия и аксессуары / Ресиверы
консоль (нет в админке);29961;Электроника / Наушники и аудиотехника / Периферия и аксессуары / Цифро-аналоговые преобразователи
консоль (нет в админке);29986;Электроника / Наушники и аудиотехника / Студийное и сценическое оборудование / DJ-оборудование
консоль (нет в админке);29755;Электроника / Ноутбуки, планшеты и электронные книги / Аксессуары / Аксессуары для электронных книг
консоль (нет в админке);29990;Электроника / Оптические приборы / Аксессуары для телескопов
консоль (нет в админке);29873;Электроника / Офисная техника / Аксессуары и уход за офисной техникой / Девелоперы
консоль (нет в админке);29872;Электроника / Офисная техника / Аксессуары и уход за офисной техникой / Масла смазочные для шредеров (Old)
консоль (нет в админке);29870;Электроника / Офисная техника / Аксессуары и уход за офисной техникой / Твердые чернила
консоль (нет в админке);30696;Электроника / Офисная техника / Расходные материалы / Расходники для печати
консоль (нет в админке);29886;Электроника / Офисная техника / Расходные материалы / Системы непрерывной подачи чернил
консоль (нет в админке);30127;Электроника / Сетевое оборудование / 3G/4G роутеры
консоль (нет в админке);30129;Электроника / Сетевое оборудование / HDMI оборудование
консоль (нет в админке);30130;Электроника / Сетевое оборудование / Wi-Fi контроллеры
консоль (нет в админке);30117;Электроника / Сетевое оборудование / Сетевые экраны и шлюзы
консоль (нет в админке);30116;Электроника / Сетевое оборудование / Сплиттеры
консоль (нет в админке);30122;Электроника / Сетевое оборудование / Точки доступа
консоль (нет в админке);30131;Электроника / Сетевое оборудование / Усилители сотового сигнала
консоль (нет в админке);29904;Электроника / Телевизоры и видеотехника / Оборудование для телевизоров / CAM модули
консоль (нет в админке);29914;Электроника / Телевизоры и видеотехника / Оборудование для телевизоров / Антенны для цифрового ТВ
консоль (нет в админке);29907;Электроника / Телевизоры и видеотехника / Оборудование для телевизоров / Измерители уровня сигнала
консоль (нет в админке);29903;Электроника / Телевизоры и видеотехника / Оборудование для телевизоров / Карты и модули доступа
консоль (нет в админке);29911;Электроника / Телевизоры и видеотехника / Оборудование для телевизоров / Комплекты спутникового ТВ
консоль (нет в админке);30683;Электроника / Телевизоры и видеотехника / Проекторы и аксессуары / Запчасти
консоль (нет в админке);30589;Электроника / Телевизоры и видеотехника / Фильмы
консоль (нет в админке);29931;Электроника / Умные часы и фитнес-браслеты / Умные гаджеты
консоль (нет в админке);30590;Электроника / Умные часы и фитнес-браслеты / Умные кольца
консоль (нет в админке);30087;Электроника / Умный дом и безопасность / Безопасность дома / Антижучки
консоль (нет в админке);30093;Электроника / Умный дом и безопасность / Безопасность дома / Модули для охранных систем
консоль (нет в админке);30091;Электроника / Умный дом и безопасность / Безопасность дома / Ответные части
консоль (нет в админке);30101;Электроника / Умный дом и безопасность / Видеонаблюдение / Кожухи для камер видеонаблюдения
консоль (нет в админке);30102;Электроника / Умный дом и безопасность / Видеонаблюдение / Установочные площадки
консоль (нет в админке);30008;Электроника / Фото- и видеотехника / Аксессуары для фото- и видеокамер / Переходные кольца/адаптеры для объективов
консоль (нет в админке);30650;Электроника / Фото- и видеотехника / Запчасти
консоль (нет в админке);30033;Электроника / Фото- и видеотехника / Оборудование для фотографов / Накамерные мониторы
консоль (нет в админке);30040;Электроника / Фото- и видеотехника / Фото- и видеокамеры / Видеокамеры
консоль (нет в админке);30691;Электроника / Фото- и видеотехника / Фото- и видеокамеры / Пленочные фотоаппараты
консоль (нет в админке);30114;Электроника / Часы и электронные будильники / Аромабудильники и картриджи
админка (нет в консоли);16;Beauty / Creams
админка (нет в консоли);15;Beauty / Shampoos
админка (нет в консоли);6;Clothing / Jackets
админка (нет в консоли);7;Clothing / T-shirts
админка (нет в консоли);4;Electronics / Laptops
админка (нет в консоли);3;Electronics / Smartphones
админка (нет в консоли);9;Home / Sofas
админка (нет в консоли);10;Home / Tables
админка (нет в консоли);18;Kids / Construction sets
админка (нет в консоли);19;Kids / Toys
админка (нет в консоли);12;Sport / Dumbbells
админка (нет в консоли);13;Sport / Treadmills
админка (нет в консоли);317;Аксессуары / Аксессуары для девочек / Ремни и пояса
админка (нет в консоли);1897;Обувь / Женская обувь / Шлепанцы и сланцы
админка (нет в консоли);1978;Обувь / Обувь для мальчиков / Шлепанцы и сланцы
админка (нет в консоли);3954;Электроника / Фото- и видеотехника / Аксессуары для фото- и видеокамер / Переходные кольца / адаптеры для объективов
