Артикул;Источник дубля;Кол-во;Детали
400457846;шаблон;2;catalog_3737_26-09-13-13.xlsx, catalog_3737_26-09-13-14.xlsx
400410763;шаблон;2;catalog_3737_26-09-13-13.xlsx, catalog_3737_26-09-13-14.xlsx
400071372;шаблон;2;catalog_3778_26-09-13-13.xlsx, catalog_3778_26-09-13-14.xlsx
400071373;шаблон;2;catalog_3778_26-09-13-13.xlsx, catalog_3778_26-09-13-14.xlsx
400071367;шаблон;2;catalog_3778_26-09-13-13.xlsx, catalog_3778_26-09-13-14.xlsx
400071370;шаблон;2;catalog_3778_26-09-13-13.xlsx, catalog_3778_26-09-13-14.xlsx
400345631;шаблон;2;catalog_3778_26-09-13-13.xlsx, catalog_3778_26-09-13-14.xlsx
400348823;шаблон;2;catalog_3778_26-09-13-13.xlsx, catalog_3778_26-09-13-14.xlsx
400421690;шаблон;2;catalog_3778_26-09-13-13.xlsx, catalog_3778_26-09-13-14.xlsx
400348828;шаблон;2;catalog_3778_26-09-13-13.xlsx, catalog_3778_26-09-13-14.xlsx
400345592;шаблон;2;catalog_3778_26-09-13-13.xlsx, catalog_3778_26-09-13-14.xlsx
400348844;шаблон;2;catalog_3778_26-09-13-13.xlsx, catalog_3778_26-09-13-14.xlsx
400345267;шаблон;2;catalog_3778_26-09-13-13.xlsx, catalog_3778_26-09-13-14.xlsx
400345589;шаблон;2;catalog_3778_26-09-13-13.xlsx, catalog_3778_26-09-13-14.xlsx
400348289;шаблон;2;catalog_3778_26-09-13-13.xlsx, catalog_3778_26-09-13-14.xlsx
400310242;шаблон;2;catalog_3905_26-09-13-13.xlsx, catalog_3905_26-09-13-14.xlsx
400095987;шаблон;2;catalog_3905_26-09-13-13.xlsx, catalog_3905_26-09-13-14.xlsx
401045770;шаблон;2;catalog_3905_26-09-13-13.xlsx, catalog_3905_26-09-13-14.xlsx
400779839;шаблон;2;catalog_3905_26-09-13-13.xlsx, catalog_3905_26-09-13-14.xlsx
400444780;шаблон;2;catalog_3905_26-09-13-13.xlsx, catalog_3905_26-09-13-14.xlsx
400505476;шаблон;2;catalog_3905_26-09-13-13.xlsx, catalog_3905_26-09-13-14.xlsx
400455170;шаблон;2;catalog_3905_26-09-13-13.xlsx, catalog_3905_26-09-13-14.xlsx
400457908;шаблон;2;catalog_3905_26-09-13-13.xlsx, catalog_3905_26-09-13-14.xlsx
400446273;шаблон;2;catalog_3905_26-09-13-13.xlsx, catalog_3905_26-09-13-14.xlsx
400640028;шаблон;2;catalog_3905_26-09-13-13.xlsx, catalog_3905_26-09-13-14.xlsx
400779309;шаблон;2;catalog_3905_26-09-13-13.xlsx, catalog_3905_26-09-13-14.xlsx
400364562;шаблон;2;catalog_3905_26-09-13-13.xlsx, catalog_3905_26-09-13-14.xlsx
400780051;шаблон;2;catalog_3905_26-09-13-13.xlsx, catalog_3905_26-09-13-14.xlsx
400538982;шаблон;2;catalog_3905_26-09-13-13.xlsx, catalog_3905_26-09-13-14.xlsx
401046068;шаблон;2;catalog_3905_26-09-13-13.xlsx, catalog_3905_26-09-13-14.xlsx
400596119;шаблон;2;catalog_3905_26-09-13-13.xlsx, catalog_3905_26-09-13-14.xlsx
400506631;шаблон;2;catalog_3905_26-09-13-13.xlsx, catalog_3905_26-09-13-14.xlsx
400186036;шаблон;2;catalog_555_26-09-13-13.xlsx, catalog_555_26-09-13-14.xlsx
400186037;шаблон;2;catalog_555_26-09-13-13.xlsx, catalog_555_26-09-13-14.xlsx
400242584;шаблон;2;catalog_555_26-09-13-13.xlsx, catalog_555_26-09-13-14.xlsx
400242586;шаблон;2;catalog_555_26-09-13-13.xlsx, catalog_555_26-09-13-14.xlsx
400242968;шаблон;2;catalog_555_26-09-13-13.xlsx, catalog_555_26-09-13-14.xlsx
400257477;шаблон;2;catalog_555_26-09-13-13.xlsx, catalog_555_26-09-13-14.xlsx
400020267;шаблон;2;catalog_555_26-09-13-13.xlsx, catalog_555_26-09-13-14.xlsx
400189958;шаблон;2;catalog_555_26-09-13-13.xlsx, catalog_555_26-09-13-14.xlsx
400020286;шаблон;2;catalog_555_26-09-13-13.xlsx, catalog_555_26-09-13-14.xlsx
20086324;шаблон;2;catalog_699_26-09-13-13.xlsx, catalog_699_26-09-13-14.xlsx
20086325;шаблон;2;catalog_699_26-09-13-13.xlsx, catalog_699_26-09-13-14.xlsx
20085988;шаблон;2;catalog_699_26-09-13-13.xlsx, catalog_699_26-09-13-14.xlsx
20083495;шаблон;2;catalog_699_26-09-13-13.xlsx, catalog_699_26-09-13-14.xlsx
20082560;шаблон;2;catalog_699_26-09-13-13.xlsx, catalog_699_26-09-13-14.xlsx
20082561;шаблон;2;catalog_699_26-09-13-13.xlsx, catalog_699_26-09-13-14.xlsx
20083716;шаблон;2;catalog_699_26-09-13-13.xlsx, catalog_699_26-09-13-14.xlsx
20085989;шаблон;2;catalog_699_26-09-13-13.xlsx, catalog_699_26-09-13-14.xlsx
20083046;шаблон;2;catalog_699_26-09-13-13.xlsx, catalog_699_26-09-13-14.xlsx
400460558;шаблон;2;catalog_699_26-09-13-13.xlsx, catalog_699_26-09-13-14.xlsx
400185461;шаблон;2;catalog_699_26-09-13-13.xlsx, catalog_699_26-09-13-14.xlsx
400184937;шаблон;2;catalog_699_26-09-13-13.xlsx, catalog_699_26-09-13-14.xlsx
400364545;шаблон;2;catalog_699_26-09-13-13.xlsx, catalog_699_26-09-13-14.xlsx
400300872;шаблон;2;catalog_699_26-09-13-13.xlsx, catalog_699_26-09-13-14.xlsx
400273175;шаблон;2;catalog_699_26-09-13-13.xlsx, catalog_699_26-09-13-14.xlsx
400273174;шаблон;2;catalog_699_26-09-13-13.xlsx, catalog_699_26-09-13-14.xlsx
400738570;шаблон;2;catalog_699_26-09-13-13.xlsx, catalog_699_26-09-13-14.xlsx
400738567;шаблон;2;catalog_699_26-09-13-13.xlsx, catalog_699_26-09-13-14.xlsx
400559529;шаблон;2;catalog_699_26-09-13-13.xlsx, catalog_699_26-09-13-14.xlsx
400738571;шаблон;2;catalog_699_26-09-13-13.xlsx, catalog_699_26-09-13-14.xlsx
400738566;шаблон;2;catalog_699_26-09-13-13.xlsx, catalog_699_26-09-13-14.xlsx
400735999;шаблон;2;catalog_699_26-09-13-13.xlsx, catalog_699_26-09-13-14.xlsx
400735998;шаблон;2;catalog_699_26-09-13-13.xlsx, catalog_699_26-09-13-14.xlsx
400559552;шаблон;2;catalog_699_26-09-13-13.xlsx, catalog_699_26-09-13-14.xlsx
400735996;шаблон;2;catalog_699_26-09-13-13.xlsx, catalog_699_26-09-13-14.xlsx
400559554;шаблон;2;catalog_699_26-09-13-13.xlsx, catalog_699_26-09-13-14.xlsx
400366182;шаблон;2;catalog_699_26-09-13-13.xlsx, catalog_699_26-09-13-14.xlsx
