ID товара;Название;Артикул (vendor_code)
3314;Подушка прямоугольная для сна;1000003942
3315;Подушка детская;1000026289
3316;Подушка детская с рисунком Деревья;1000026309
3299;Салфетка кухонная, опт набор из 12  шт;1000031659
3300;Салфетка кухонная, опт набор из 12  шт;1000031669
3301;Салфетка кухонная, опт набор из 12  шт;1000031677
3302;Салфетка кухонная с рисунком , опт набор из 12  шт;1000031695
3303;Салфетка кухонная с рисунком , опт набор из 12  шт;1000031702
3304;Сервировочная салфетка (опт от 10 шт);1000032883
3305;Салфетка сервировочная, опт набор из 5  шт;1000032885
3485;Мягкая подушка с сердечками;1000047680
3486;Подушка для сна «Витас»;1000047707
3317;Подушка с наволочкой, комплект из 2;1000053480
3318;Подушка с наволочкой;1000053916
3319;Покрывало-одеяло;1000054005
3320;Покрывало-одеяло полутороспальное;1000054018
3306;Целлофановый пакет;1000069379
3307;Целлофановый пакет;1000069420
3308;Целлофановый пакет;1000069429
3309;Целлофановый пакет;1000069431
3310;Целлофановый пакет;1000069489
3311;Целлофановый пакет;1000069492
3312;Пакеты для мусора;1000069500
3313;Пакеты для мусора;1000069504
1346;Детская рубашка, 32-42;1000094754
1368;Детская рубашка, 32-40;1000094767
1369;Детская рубашка, 32-40;1000094773
1370;Детская рубашка, 32-42;1000094779
1371;Детская рубашка, 32-40;1000094784
1372;Детская рубашка, 34-40;1000094788
1373;Детская рубашка, 34-40;1000094799
1374;Детская рубашка;1000094805
1375;Детская рубашка, 32-42;1000094861
1376;Детская кофта тест;1000094870
1377;Детская кофта;1000094876
1378;Детская кофта;1000094878
1379;Детское платье, 34-40;1000094881
1380;Детская рубашка;1000094890
1381;Детская рубашка;1000094902
1382;Детская рубашка;1000094910
1383;Детская рубашка;1000094914
1384;Детская кофта;1000095019
1388;Детская кофта;1000095055
1389;Детская кофта;1000095075
1390;Детский сарафан;1000095113
3277;Женские носки;1000097312
3278;Носки женские;1000097316
3279;Женские носки-следки;1000097321
3291;Носки мужские;1000097339
3292;Носки мужские;1000097342
3332;Носки женские;1000097362
3293;Носки мужские;1000097364
3280;Носки женские;1000097365
3281;Носки женские;1000097382
3333;Носки женские;1000097386
3282;Носки женские;1000097387
3283;Носки женские;1000097388
3284;Носки женские;1000097389
3285;Носки женские;1000097391
3334;Носки женские;1000097392
3286;Носки женские;1000097394
3287;Носки женские;1000097395
3288;Носки женские;1000097396
3289;Носки женские;1000097398
3290;Носки женские;1000097399
1416;Ручка;1000097933
1417;Ручка;1000097936
1418;Ручка;1000097970
1419;Ручка;1000098006
1420;Ручка;1000098086
1410;Корректор;1000098139
1411;Акварельная краска;1000098157
1412;Акварель медовая;1000098170
1413;Акварельная краска;1000098185
1414;Акварельная краска;1000098245
1424;Гуашь;1000098273
1425;Гуашь;1000098320
1426;Гуашь;1000098355
1427;Гуашь;1000098392
1415;Акварельная краска;1000098651
1421;Ручка;1000098657
1430;Цветные карандаши;1000098721
1431;Цветные карандаши;1000098839
1432;Цветные карандаши;1000098868
1433;Фломастеры;1000098943
1434;Фломастеры;1000098968
1435;Фломастеры;1000098992
1436;Фломастеры;1000099050
1437;Фломастеры;1000099084
3327;Детская прогулочная коляска;1000100935
3328;Детская прогулочная коляска;1000100936
3329;Детская прогулочная коляска;1000100938
3330;Детская прогулочная коляска;1000100939
3331;Коляска-автокресло;1000100987
1438;Тетрадь;1000103352
1439;Тетрадь;1000103397
1440;Тетрадь;1000103435
1441;Тетрадь;1000103468
1442;Тетрадь;1000103490
1443;Тетрадь;1000103528
1422;Кроссовки мужские;1000115812
1423;Кроссовки мужские;1000115820
1428;Ботинки треккинговые мужские;1000115842
1429;Ботинки мужские;1000115866
1391;Костюм женский с юбкой;1000116093
1392;Костюм женский с юбкой;1000116131
1393;Костюм женский;1000116187
1394;Костюм женский;1000116194
1395;Костюм женский;1000116199
1396;Костюм-двойка женский;1000116249
1397;Костюм-двойка женский;1000116285
1398;Костюм-двойка женский;1000116290
1399;Костюм-двойка женский;1000116295
1400;Костюм-двойка женский;1000116330
3269;Платье женское;1000116372
3270;Платье женское;1000116376
3271;Платье женское;1000116380
3272;Платье женское;1000116384
3322;Платье женское;1000116451
3323;Платье женское;1000116452
3324;Платье женское;1000116453
1401;Костюм-двойка женский;1000116699
1402;Костюм-двойка женский;1000116706
1403;Юбка бантовка;1000116732
1404;Юбка бантовка;1000116739
1405;Юбка бантовка;1000116790
1406;Юбка бантовка;1000116797
3321;Брюки женские комбинированные;1000116863
3487;Платье Лео с разрезами;1000116887
1407;Фартук женский;1000116950
1408;Фартук школьный;1000116958
1409;Фартук школьный;1000116972
1353;Костюм двойка;1000117599
1354;Костюм двойка;1000117612
1355;Костюм двойка;1000117830
1356;Костюм двойка;1000117834
1357;Костюм двойка;1000117838
1347;Толстовка женская оверсайз;1000117842
1351;Толстовка женская оверсайз;1000117862
1352;Толстовка женская оверсайз;1000117870
1360;Костюм двойка;1000117960
1361;Костюм двойка;1000117966
1362;Костюм двойка;1000117968
1363;Костюм двойка;1000117974
1364;Костюм двойка;1000117976
1365;Костюм двойка;1000117978
1367;Спортивный костюм двойка;1000118077
1358;Джинсовая двойка;1000118088
1359;Джинсовая двойка;1000118098
1366;Костюм двойка;1000118584
3325;Платье женское;1000122102
3296;Набор ланчбокс с бутылкой для воды;1000122675
3297;Набор ланчбокс с бутылкой для воды;1000122677
3298;Набор ланчбокс с бутылкой для воды;1000122678
3488;Костюм-двойка женский;1000123708
3489;Костюм-двойка женский;1000123726
3490;Костюм-двойка женский;1000123727
3491;Костюм-двойка женский;1000123728
3492;Костюм-двойка женский;1000123729
3493;Костюм-двойка женский;1000123730
3494;Костюм-двойка женский;1000123731
3495;Костюм-двойка женский;1000123732
3193;Платье женское;108898
3194;Платье женское;108901
3224;Костюм двойка с лампасами женский;108977
3195;Платье женское;109044
3212;Костюм женский с юбкой;114911
3213;Костюм женский с юбкой;114949
3214;Костюм женский;115005
3215;Костюм женский;115012
3216;Костюм женский;115017
3217;Костюм-двойка женский;115067
3218;Костюм-двойка женский;115103
3219;Костюм-двойка женский;115108
3220;Костюм-двойка женский;115113
3221;Костюм-двойка женский;115148
3222;Костюм-двойка женский;115517
3223;Костюм-двойка женский;115524
3169;Свитшот для девочки;118915
3170;Свитшот для девочки;118925
3171;Свитшот для девочки;118926
3172;Лонгслив детский;119347
3173;Лонгслив детский;119348
3174;Лонгслив детский;119349
3175;Лонгслив детский;119350
3176;Лонгслив детский;119351
3177;Лонгслив детский;119352
3178;Лонгслив детский;119353
3179;Лонгслив детский;119354
3180;Лонгслив детский;119359
3181;Лонгслив детский;119360
3182;Лонгслив детский;119361
3183;Лонгслив детский;119362
3184;Лонгслив детский;119363
3185;Лонгслив детский;119364
3186;Лонгслив детский;119369
3187;Лонгслив детский;119370
3188;Лонгслив детский;119371
3189;Лонгслив детский;119372
3190;Лонгслив детский;119373
3191;Лонгслив детский;119374
3192;Лонгслив детский;119378
3203;Шорты детские;119493
3200;Юбка детская;119847
3201;Юбка детская;119856
3202;Юбка детская;119857
3204;Шорты детские;119887
3205;Шорты детские;119903
3206;Шорты детские;119904
3404;Ремень мужской;123208
3405;Ремень мужской;123234
3406;Ремень мужской;123266
3407;Ремень мужской;123271
3408;Ремень мужской;123272
3409;Ремень мужской;123334
3410;Ремень мужской;123337
3411;Ремень мужской;123340
3412;Ремень мужской;123827
3413;Ремень мужской;123828
3414;Ремень мужской;123829
1589;Чайник электрический Tefal KI772138 стеклянный 1,7 л, с подсветкой, фильтром против накипи, 2200 Вт;1510001881
1459;Чайник электрический Tefal KI840830, стеклянный, внутренняя подсветка, 1.7 л;1510002137
1463;Чайник электрический Tefal KI700830 стеклянный с подсветкой 1,7 л, с индикатором уровня воды, автоотключением и блокировкой включения без воды;1510002143
1452;Чайник электрический Moulinex BY3S0DF0 1,7 л, стеклянный, 2200 Вт, черный/нержавеющая сталь;1510002968
1451;Чайник электрический Moulinex BY1R0DF0 1,7 л, 2200 Вт, нержавеющая сталь;1510002969
1454;Чайник электрический Moulinex BY1S08F0 1,7 л, стеклянный, 2200 Вт, черный;1510002970
1453;Чайник электрический Moulinex BY2S01F0 1,7 л, стеклянный, 2200 Вт, белый;1510002972
1450;Чайник электрический Moulinex BY3R0DF0 1,7 л, 2200 Вт, нержавеющая сталь;1510002982
2327;Телевизор Haier 55 Smart TV S7;174605
2306;Телевизор Haier 32 Smart TV S2;175191
1514;Паровой утюг Tefal Ultimate Pure FV9837E0, с паровым ударом 250 г/мин, защитой от накипи, автоотключением, 3000 Вт, Франция;1830007142
1522;Утюг Tefal Ultimate Pure FV9865E0, 3000 Вт, черный/золотой;1830007145
1521;Паровой утюг Tefal Ultimate Pure FV9848E0, с паровым ударом 260 г/мин, защитой от накипи, автоотключением, противокапельной системой, Франция;1830007152
1523;Паровой утюг Tefal Easygliss Plus FV5737E0, с вертикальным отпариванием, защитой от накипи, большим резервуаром для воды, противокапельной системой;1830007584
1511;Утюг Tefal Ultragliss Anti-Calc Plus FV6840E0, 2800 Вт, паровой удар 260 г/мин, автоотключение;1830007809
1784;Весы напольные Tefal Premiss Pink PP1403V0, розовый;1830007888
1526;Утюг для одежды Tefal Smart Protect Plus FV6872E0 с паровым ударом 260 г/мин, автоотключением, вертикальным отпариванием, 2800 Вт, Франция;1830008018
1783;Весы напольные Tefal Premiss Flower PP1430V0, серый;1830008070
1782;Весы напольные Tefal Classic Decor Copper Forever PP1540V0, черный;1830008095
1525;Утюг Tefal Express Steam FV2836E0 с системой самоочистки, паровым ударом 165 г/мин, подошвой Xpress Glide, вертикальным отпариванием;1830008192
1519;Утюг для одежды Tefal Express Steam FV2839E0 с противокапельной системой, вертикальным отпариванием, системой самоочистки, паровым, 2400 Вт, синий;1830008194
1515;Паровой утюг Tefal Express Steam FV2867E0 с паровым ударом 200 г/мин, функцией спрей, противоизвестковым стержнем, керамической подошвой, 2500 Вт;1830008199
1524;Утюг для одежды Tefal Ultragliss Plus FV6833E0, с паровым ударом 260 г/мин, вертикальным отпариванием, эко режимом, 2800 Вт, Франция;1830008241
1518;Утюг Tefal Puregliss FV8082E0, с насадкой для деликатных тканей, мощность 3000 Вт, паровой удар 280 г/мин, автоотключение;1830008652
1516;Паровой утюг Tefal Easygliss Eco FV5780E1, светло-бронзовый, мощность 2800 Вт, паровой удар 240 г/мин, противокапельная система;1830008783
1520;Паровой утюг Tefal Easygliss Eco FV5781E1, мощность 2800 Вт, паровой удар 260 г/мин, противокапельная система;1830008784
1510;Паровой утюг Rowenta Accessteam DW4301D1 с паровым ударом 140 г/мин, защитой от накипи, противокапельной системой, зауженным носиком, 2500 Вт;1830008806
1512;Паровой утюг Tefal Virtuo 30 FV2C42E0 с паровым ударом 120 г/мин, вертикальным отпариванием, защитой от накипи, противокапельной системой, 2000 Вт;1830009277
1513;Паровой утюг Tefal Virtuo 30 FV2C60E0 с паровым ударом 140 г/мин, вертикальным отпариванием, защитой от накипи, противокапельной системой, 2200 Вт;1830009279
1517;Паровой утюг Tefal Virtuo FV1R10F1, 2000 Вт, паровой удар 90 г/мин, бирюзовый;1830009406
1509;Паровой утюг Rowenta Focus Excel DW5310D1 с паровым ударом 180 г/мин, вертикальным отпариванием, зауженным носиком, 2700 Вт, Франция;1830031671
1613;Чайник электрический DeLonghi Icona Vintage KBOV2001.AZ;19199
3335;Микроволновая печь соло Gorenje MO20E1W;20062571
3336;Микроволновая печь соло Gorenje MO20A3B;20062574
3337;Микроволновая печь соло Gorenje MO20A3X;20062575
3338;Микроволновая печь с грилем Gorenje MO20A4BH;20083142
3339;Микроволновая печь с грилем Gorenje MO20E2BH;20083143
3160;Микроволновая печь соло Gorenje MO20A3WH;20083146
3340;Микроволновая печь LG NeoChef MH6595CIS, Объём 25 литров, Мощность 1000 Вт, Кварцевый гриль 900 Вт, Сенсорное управление;20086324
2305;Телевизор Candy Uno 32;201222
2323;Телевизор Candy Uno 50;201272
2318;Умный телевизор Sber SDX-43U4128 с GigaChat на ОС Салют ТВ;201521
2315;Телевизор Hi HX-43U01FB;201568
2316;Телевизор Hi HY-40F01FB;201571
2317;Телевизор Hi HY-43F01FB;201574
2314;Телевизор Hi HY-43U01FB;201580
2304;Телевизор Hi HX-32F01FB;201593
2326;Телевизор Hi HX-55U01FB;201596
2309;Телевизор Sber SDX-32FQ6031;201661
2307;Телевизор Sber SDX-32F3111;201662
2303;Телевизор Hi HX-32H01FB;201665
2302;Телевизор Hi HY-32H01FB;201667
2308;Телевизор Sber SDX-32H3113;201688
2310;Умный телевизор Sber SDX-32H3011;201689
2311;Телевизор Sber SDX-32F3112;201690
2324;Телевизор Sber Умный телевизор SDX-50U4169 серия 7000;201720
2312;Телевизор Hi HS-32F01FB;201725
2328;Телевизор Sber SDX-55UQ6033;201728
2319;Телевизор Hi HS-43U01FB;201755
2329;Телевизор Sber SDX-55U8133;201937
2313;Телевизор Sber SDX-32H3114;201938
2321;Телевизор Sber SDX-43F3000MBA;202449
2322;Телевизор Sber SDX-43U5500DBA;202451
2325;Телевизор Sber SDF-50UQ7000MBA;202452
2320;Телевизор Sber SDX-43UQ6033;202470
2330;Телевизор Sber SDF-43UQ7000MBA;202589
2331;Телевизор Sber SDX-50UQ6000MBA;202616
1640;Электрочайник Kitfort KT-616;20901
1736;Пылесос вертикальный беспроводной Tefal Air Force Light TY6545RH с подсветкой, время уборки до 30 мин, черный;2211400233
1729;Моющий пылесос Tefal Clean&Steam VP7751WH, с сухой и влажной уборкой, 1500 Вт, белый;2211400818
1726;Пылесос вертикальный Tefal X-Force Flex 11.60 TY9890WO, с насадками, 130 аВт, 0.9 л;2211400888
1728;Пылесос вертикальный беспроводной Tefal 2в1 Dual Force TY6737WH, с подсветкой, до 45 минут автономной работы, белый;2211400954
1733;Моющий пылесос вертикальный Tefal Clean & Steam Multi VP8561RH со съемным пароочистителем, системой защиты от накипи, 1700 Вт;2211401055
1723;Пылесос вертикальный беспроводной Tefal Xtrem Compact Essential 2-в-1 TY1239WO с гибким корпусом и компактной док-станицей;2211401125
1731;Вертикальный беспроводной Tefal X-Force Flex 12.60 Animal Care Red TY98A9WO с автоматической регулировкой мощности и 6 насадками, красный;2211401128
1734;Пылесос вертикальный беспроводной Tefal X-Flex 12.60 Aqua TY98C0WO с 6 насадками, время уборки до 35 мин, сухая и влажная уборка, синий;2211401132
1735;Пылесос вертикальный беспроводной Tefal X-Force Flex 14.60 Animal Care TY99A8WO с автоматической регулировкой мощности и 6 насадками, черный;2211401142
1727;Пылесос вертикальный беспроводной 2-в-1 Tefal X-Combo GF3039WO, сухая и влажная уборка, до 60 минут работы, черный;2211401212
1725;Пылесос вертикальный беспроводной Tefal X-Force Flex 9.60 Aqua TY20C7WO с автоматической регулировкой мощности, влажной уборкой и 6 насадками;2211401219
1724;Пылесос вертикальный беспроводной Tefal X-Force Flex 15.60 TY99G1WO с автоматической регулировкой мощности, влажной уборкой и 6 насадками;2211401225
1737;Моющий пылесос вертикальный беспроводной Tefal X-Clean 10 GF7540FO, с влажной и сухой уборкой, самоочисткой и сушкой, белый;2211401372
1612;Чайник электрический Braun PurEase WK3100WH;24045
1537;Паровой утюг Braun exstyle 3 SI 3041 GR;25115
1664;Набор чайный Kitfort KT-635;25362
1534;Паровой утюг Braun Texstyle 3 SI3055BK;25470
3118;Морозильный ларь Kraft BDW-150RX белый;264272
1542;Паровой утюг Braun Texstyle 3 SI3042 VI;26916
1624;Чайник электрический Kitfort KT-647;27335
1563;Утюг Panasonic NI-M300TVTW;27549
1565;Утюг Panasonic NI-M250TGTW;27550
1660;Чайник Kitfort KT-660-1;27676
1650;Чайник электрический Kitfort KT-659-2;27826
1651;Электрический чайник Kitfort КТ-670-1;27982
1657;Электрочайник Kitfort KT-633-3;28341
1661;Чайник электрический Kitfort КТ-657;29683
1541;Утюг для одежды Tefal Ultimate Pure FV9845E0;30875
1652;Чайник электрический Kitfort КТ-639-2;31720
1474;Чайник электрический Kitfort KT-648;31724
1662;Чайник электрический Kitfort KT-6612-1;31761
1543;Дорожный утюг для одежды Rowenta First Class DA1511F1;32027
1710;Расческа выпрямитель для волос Rowenta Power Straight CF5820F0;36752
1466;Чайник электрический Tefal Loft KO250130;37037
1550;Утюг для одежды Tefal Ultimate Pure FV9835E0;37625
1540;Паровой Утюг для одежды Tefal Easygliss Plus FV5717E0;37656
1546;Утюг для одежды Tefal Virtuo FV1713E0;37673
1545;Паровой утюг для одежды Tefal Virtuo FV1712E0;37674
1611;Чайник электрический DeLonghi Icona Vintage KBOV2001.BK;3831
1822;Воздухоувлажнитель Royal Clima Ercolano RUH-ER300/5.0M-WT серый;400020267
1830;Воздухоувлажнитель Royal Clima ERCOLANO RUH-ER300/5.0M-BU;400020286
1832;Умная колонка Sber SberBoom с GigaChat 2.0, 40 Вт, белый;400071367
1834;Умная колонка Sber SberBoom с GigaChat 2.0, 40 Вт, серый;400071370
1831;Умная колонка Sber SberBoom с GigaChat 2.0, 40 Вт, черный;400071372
1843;Умная колонка Sber SberBoom с GigaChat 2.0, 40 Вт, синий;400071373
3162;Микроволновая печь соло Gorenje MO20A3BH черная;400088938
1826;Воздухоувлажнитель Boneco E200 black;400186036
1828;Воздухоувлажнитель Boneco E200 white;400186037
1829;Воздухоувлажнитель Rombica Cycle HUM-032;400189958
3341;Микроволновая печь соло Hisense H20MOWP1 белая;400206770
1798;Кофемашина Grundig KVA 6230;400232020
1827;Умный воздухоувлажнитель Deerma DEM-F950W Black;400242584
1823;Умный воздухоувлажнитель Deerma DEM-F952W;400242586
1824;Умный воздухоувлажнитель Deerma DEM-F990DW;400242968
1825;Воздухоувлажнитель Deerma DEM-SJS300W;400257477
3342;Микроволновая с грилем и конвекцией Hisense H25MOBS1HC;400280625
1841;Умная колонка Sber SberBoom Mini 2 с GigaChat 2.0, синий;400345267
1835;Умная колонка Sber SberBoom Mini 2 с GigaChat 2.0, серый;400345589
1842;Умная колонка Sber SberBoom Home c GigaChat 2.0, Zigbee, фисташка;400345592
1840;Умная колонка Sber SberBoom Home c GigaChat 2.0, Zigbee, морской;400345631
1836;Умная колонка Sber SberBoom Mini 2 с GigaChat 2.0, желтый;400348289
1837;Умная колонка Sber SberBoom Home c GigaChat 2.0, Zigbee, туманный;400348823
1833;Умная колонка Sber SberBoom Home c GigaChat 2.0, Zigbee, терракот;400348828
1839;Умная колонка Sber SberBoom Mini 2 с GigaChat 2.0, черный;400348844
3128;Микроволновая печь соло Toshiba MW3-MM21PE(WH);400366182
1799;Кофемашина Stelvio AC100 черная;400385726
1821;Монитор HUAWEI MateView SE(100Hz) SSN-24BZ CABBZ 2025;400410763
1838;Умная колонка Sber SberBoom Home c GigaChat 2.0, Zigbee, небесный;400421690
1820;Монитор Acer Nitro VG271Zbmiipx;400457846
3343;Микроволновая печь соло Gorenje MO20E1W2;400460558
3130;Микроволновая печь соло Samsung MS23T5018AC/BW темно-серая;400735996
3131;Микроволновая печь соло Samsung MS23DG4504ATBW нержавеющая сталь;400735998
3132;Микроволновая печь соло Samsung MS23DG4504AGBW черная;400735999
3133;Микроволновая печь с грилем Samsung MG23T5018AK/BW черная;400738566
3134;Микроволновая печь с грилем Samsung MC32DB7746KCBW серая;400738567
3135;Микроволновая печь с грилем Samsung MC28H5013AK/BW черная;400738570
3136;Микроволновая печь с грилем Samsung MG23T5018AC/BW темно-серая;400738571
1626;Чайник электрический Kitfort KT-6112;40078
1800;Кофемашина Supra CMS-3700 графитовая;401972355
1788;Напольные весы Kitfort КТ-805;40224
1760;Пылесос вертикальный Kitfort KT-586-2;41588
1787;Весы напольные электронные Kitfort KT-806;41630
1786;Весы напольные электронные Kitfort KT-808;41632
1659;Чайник электрический Kitfort KT-6105;41852
1654;Чайник Kitfort KT-656;41863
1663;Чайник электрический Kitfort KT-692-1;41869
1533;Утюг для одежды Tefal UltraGliss Plus FV6824E0;41894
1547;Утюг для одежды Tefal Ultragliss Plus FV6813E0;42313
1538;Паровой утюг Braun TexStyle 5 SI5017GR, 2700 Вт;43765
1532;Паровой Утюг для одежды Tefal Easygliss Plus FV5770E0;45045
1715;Выпрямитель для волос Rowenta Wet&Dry Pro SF5010F0;45625
1536;Паровой утюг Braun TexStyle 7 Pro SI7149WB;45647
1606;Электрический чайник Tefal Tastea Tea Maker BJ551B10;45928
1627;Чайник электрический Kitfort KT-6123-4;46167
1759;Пылесос вертикальный Kitfort KT-510;4655
1665;Чайник электрический Kitfort KT-6121-1;46919
1653;Электрочайник Kitfort КТ-6126,;47443
1712;Выпрямитель для волос Rowenta Karl lagerfeld SF323LF0;48321
1764;Пылесос вертикальный беспроводной Tefal X-Force Flex 15.60 Pro TY99F1WO;48348
1658;Чайник электрический Kitfort KT-6116;48844
1713;Выпрямитель для волос 2в1 Rowenta x Karl Lagerfeld Easyliss SF161LF0;48956
1708;Утюжок для волос 2 в 1 Rowenta Express Shine Coconut SF4621F0;49178
1544;Паровой Утюг для одежды Tefal Puregliss FV8062E0;52074
1551;Паровой Утюг для одежды Tefal Puregliss FV8042E0;52075
1744;Пылесос вертикальный Karcher VC 6 Cordless ourFamily Car 1.198-672.0;53327
1743;Пылесос вертикальный Karcher VC 6 Cordless ourFamily Extra 1.198-674.0;53328
1623;Чайник электрический Kitfort KT-6199;57164
1470;Чайник электрический Ligrell LEK-1778G;57548
1616;Чайник электрический Ligrell LEK-1732GB;57550
1619;Чайник электрический Ligrell LEK-1757STW;57553
1617;Чайник электрический Ligrell LEK-1786GE;57559
1741;Пылесос вертикальный Karcher VC 6 Cordless ourFamily Pet 1.198-673.0;58208
1740;Пылесос для дома вертикальный Karcher VC 4 Cordless myHome *EU 1.198-630.0;58286
1739;Пылесос вертикальный Karcher VC 6 Cordless ourFamily *EU 1.198-670.0 б;58287
1765;Пылесос вертикальный беспроводной Tefal X-Force Flex 9.60 Allergy TY2038WO;58327
1738;Пылесос вертикальный Karcher VC 7 Cordless yourMax *EU 1.198-710.0;58460
1549;Паровой утюг для одежды Rowenta Effective+ DX1635D1;59575
1709;Выпрямитель для волос Rowenta Express Style Stellar Collection SF1831F0;59986
1561;Утюг Philips DST3011/20;60233
1605;Чайник электрический Tefal Bronx KI513D10;60456
1768;Пылесос вертикальный беспроводной Tefal X-Pert 7.60 TY6A31WO;60466
1656;Электрочайник Kitfort КТ-6662-1;60746
1746;Пылесос вертикальный беспроводной Haier HVC400B для сухой уборки;61249
1752;Пылесос вертикальный беспроводной Haier HVC250 для сухой уборки;61251
1596;Чайник электрический Haier HK-501, 1.7 л, 2400 Вт, термостойкое стекло, серебро;61268
1591;Чайник электрический Haier HK-601, 1.7 л, 3000 Вт, серебро;61271
1527;Утюг Haier HI-502, 2700 Вт, керамическая подошва, паровой удар;61281
1621;Чайник электрический Ligrell LEK-1222G;61549
1471;Чайник электрический Ligrell LEK-1222В;61550
1622;Чайник электрический Ligrell LEK-1722S;61552
1467;Чайник электрический Ligrell LEK-1722В;61553
1711;Электрическая расческа выпрямитель Rowenta Powerstraight Air UB5920F0;62139
1745;Пылесос вертикальный Karcher VC 4 Cordless myHome Pet 1.198-633.0;62552
1604;Чайник электрический Tefal Thermo Protect KO140AE0;62705
1675;Электрический чайник Bosch TWK3P420;62806
1680;Чайник электрический Bosch TWK 1M123;63041
1672;Электрический чайник Bosch TWK 1M121;63337
1499;Наушники беспроводные Xiaomi Redmi Buds 6 Play BHR8776G;63691
1489;Беспроводные наушники Xiaomi Redmi Buds 6 Play M2420E1;63692
1498;Наушники беспроводные Xiaomi Buds 5;63693
1480;Наушники беспроводные Xiaomi Buds 5;63694
1670;Электрический чайник Panasonic NC-CWK50;63883
1669;Электрический чайник Panasonic NC-CWK51;63884
1552;Паровой утюг для одежды Tefal Virtuo FV1R15F1;65077
1716;Выпрямитель для волос Rowenta Thermoglide SF5120E0;66263
1560;Утюг Philips Series 3000 DST3020/20;66301
1496;Наушники беспроводные Xiaomi Redmi Buds 6 черные BHR9251GL;66525
1485;Наушники беспроводные Xiaomi Redmi Buds 6 белые BHR9250GL;66529
1742;Пылесос аккумуляторный для дома Karcher VC 4 Cordless myHome Car (1.198-632.0);66587
1554;Утюг паровой Ligrell LSI-2608;66730
1553;Утюг Ligrell LSI-2439;66731
1555;Утюг Ligrell LSI-3048A;66733
1757;Пылесос беспроводной Ligrell LV-550MB вертикальный;66748
1599;Чайник электрический белый Candy CK-100, 2200 Вт, 1,7 л;67893
1592;Чайник электрический белый Candy CK-101, 2200 Вт, 1,7 л;67894
1594;Чайник электрический Candy CK-203, 2200 Вт, 1,7 л;67896
1593;Чайник электрический Candy CK-205, 2200 Вт, 1,7 л;67897
1602;Чайник электрический стеклянный Candy CK-301, 2200 Вт, 1,8 л;67899
1598;Чайник электрический стеклянный Candy CK-302, 2200 Вт, 1,8 л;67900
1595;Чайник электрический стеклянный Candy CK-303, 2200 Вт, 1,8 л;67901
1601;Чайник электрический белый Candy CK-102, 2200 Вт, 1,5 л;67902
1530;Утюг электрический Candy CI-101 2700Вт, паровой удар до 160 г/мин, 4 режима;67920
1528;Утюг электрический Candy CI-103 2400Вт, паровой удар до 160 г/мин, 3 режима;67921
1531;Утюг электрический Candy CI-104 2700Вт, паровой удар до 160 г/мин, 4 режима;67922
1529;Утюг электрический Candy CI-105 2700Вт, паровой удар до 160 г/мин, 4 режима;67923
1678;Чайник электрический Bosch TWK2M161;68428
1674;Чайник электрический Bosch TWK2M163;68429
1679;Чайник электрический Bosch TWK 2M164;68430
1677;Чайник электрический Bosch TWK 2M167;68431
1714;Выпрямитель для волос Rowenta SF712LE0;68467
1751;Пылесос вертикальный беспроводной Haier HVC150 для сухой уборки;68637
1749;Пылесос вертикальный беспроводной Haier HVC400HE для сухой уборки;68638
1465;Чайник электрический Haier HK-502, 1.5 л, 3000 Вт, с двойными стенками;68652
1600;Чайник электрический Candy CK-204, 2200 Вт, 1,7 л;68654
1750;Пылесос вертикальный беспроводной Haier HVC350 для сухой уборки;68658
1747;Пылесос Haier HVC-D250 250 Вт, 2200 мАч (до 38 минут) 3 режима;68661
1748;Пылесос вертикальный беспроводной Haier HVC550 для сухой уборки;68662
1475;Чайник электрический Moulinex BY2R0DF0;68810
1628;Чайник электрический Kitfort KT-6788;68963
1655;Электрочайник Kitfort КТ-6703;69079
1767;Пылесос вертикальный беспроводной Tefal X-Force Flex 9.60 Allergy TY2048F;69718
1789;Умные весы Xiaomi Mi Smart Scale S200 Dark Grey BHR9239GL;69733
1762;Пылесос вертикальный беспроводной Tefal X-Force Flex 14.80 TY9BC1WO;69833
1636;Чайник электрический стеклянный Redmond KG270;70312
1753;Пылесос вертикальный беспроводной Haier HVC500 для сухой уборки;70459
1699;Выпрямитель для волос Haier HHS-604, 70 Вт, 3 температурных режима, 230 C;70460
1702;Выпрямитель для волос Haier HHS-617, 70 Вт, 4 температурных режима, 230 C;70461
1756;Вертикальный пылесос Candy CVC600B-C, 600 Вт, 3 положения, проводной, пылесборник 800 мл, шнур 5 м;70463
1597;Чайник электрический Haier HK-500, 1.7 л, 2400 Вт, термостойкое стекло, серебро;70464
1754;Пылесос Candy CWND F1, 200 Вт, 2500 мАч, 4 режима, до 40 минут уборка, моющий, фильтр HEPA;70468
1755;Пылесос вертикальный беспроводной Haier HWND Q1 для сухой и влажной уборки;70474
1700;Выпрямитель для волос Haier HHS-605, 850 Вт, 4 температурных режима, 210 C;70476
1701;Выпрямитель для волос Haier HHS-618, 53 Вт, 5 температурных режимов, 230 C;70477
1556;Утюг Kitfort KT-2627;70630
1676;Электрический чайник Bosch TWK 3M121;70975
1671;Электрический чайник Bosch TWK 3M123;70976
1769;Вертикальный пылесос Tefal TY1R17F1;70992
1761;Вертикальный пылесос Tefal TY1C15F1;70993
1564;Утюг Panasonic NI-M333TVTW;71308
1567;Утюг Panasonic NI-TW810CMTW;71310
1778;Пылесос вертикальный Xiaomi Vacuum Cleaner G20 EU BHR8831EU;71594
1684;Умный чайник Xiaomi Smart Kettle 2 Pro EU BHR9107EU;71613
1683;Чайник электрический Xiaomi Electric Kettle S1 EU BHR9539EU;71616
1777;Пылесос вертикальный Xiaomi Vacuum Cleaner G20 Lite EU BHR8195EU;71634
1780;Пылесос вертикальный Xiaomi Vacuum Cleaner G20 Max EU BHR8828EU;71635
1484;Беспроводные наушники Xiaomi OpenWear Stereo Pro;71682
1497;Беспроводные наушники Xiaomi OpenWear Stereo Pro;71683
1464;Чайник электрический Tefal Snow KO330830 1,7 л, с фильтром против накипи, автоотключением, 2400 Вт, черный;7211000828
1456;Чайник электрический Tefal Aqua II KO270130, 2400 ВТ, 1.7 л, белый;7211001078
1586;Чайник электрический Tefal Snow KO330130 1,7 л, с фильтром от накипи, 2400 Вт, белый;7211001086
1585;Чайник электрический Tefal Travel-o-City KO120130, 0.5 л;7211001544
1449;Чайник электрический Tefal Element KI280D30, серебристый, мощность 2400 Вт, объем 1.7 л, фильтр против накипи, индикатор уровня воды;7211002851
1457;Чайник электрический Tefal Loft KO250830, черный, мощность 2400 Вт, объем 1.7 л, автовыключение;7211003392
1590;Чайник электрический Tefal Smart&Light KO851830 1,7 л, с поддержкой температуры, 5 режимами, черный;7211003827
1587;Чайник электрический Tefal Sense KO693110 1,5 л, с поддержкой температуры, 5 режимами и вращающимся основанием, белый;7211004315
1460;Чайник электрический Tefal Includeo KI533811 1 л, с индикатором уровня воды, фильтром от накипи, 2400 Вт, черный;7211004322
1461;Чайник электрический Tefal Bouilloire KI583C10, мощность 2000 Вт, 1.5 л, автоотключение, блокировка включения без воды и блокировка крышки;7211004655
1462;Чайник электрический Tefal Bouilloire KI583E10, черный, мощность 2000 Вт, объем 1,5 л, автоотключение, фильтр против накипи, блокировка крышки;7211004773
1730;Пылесос вертикальный беспроводной Tefal X-Nano Essential TY1129WO, ультратонкий корпус, время работы до 40 минут, турборежим;7211004800
1584;Чайник электрический Tefal Majestuo KI883D10, объем 1.5 л, мощность 2400 Вт, автоотключение, 9 температурных режимов;7211004901
1732;Пылесос вертикальный беспроводной Tefal X-Force Flex 9.60 Allergy TY2039WO, с автоматической регулировкой мощности, Smart-дисплеем, фиолетовый;7211004935
1458;Чайник электрический Tefal Morning KO2M0B10, объем 1.7 л, мощность 2400 Вт, поворотная база, автоотключение;7211419023
1582;Чайник электрический Tefal Collection KI666AE0, 1,7 л, из нержавеющей стали, автоотключением, с фильтр против накипи, 2400 Вт;7211419379
1583;Чайник электрический Tefal Collection KI6668E0, 1,7 л, из нержавеющей стали, автоотключением, с фильтр против накипи, 2400 Вт;7211419380
1455;Чайник электрический Tefal Thermo Protect XL KO190AE0, 1,9 л, 1650 Вт, корпус с двойными стенками, автовыключение;7211419476
1490;Наушники беспроводные Xiaomi OpenWear Stereo BHR8473GL;72469
1492;Беспроводные наушники Xiaomi REDMI Buds 6 Play BHR9283GL;72818
1493;Беспроводные наушники Xiaomi REDMI Buds 6 Play BHR8775GL;72888
1785;Весы напольные электронные Redmond SB1811;72953
1705;Выпрямитель для волос Redmond RCI-2314;72962
1707;Выпрямитель для волос Redmond HS1725;72966
1706;Выпрямитель для волос Redmond HS1728;72967
1703;Расческа-выпрямитель для волос Redmond HS1742;72972
1557;Утюг для одежды с отпаривателем Redmond IR1609;73148
1644;Чайник электрический стеклянный Redmond KG220;73176
1631;Чайник электрический Redmond KG225;73177
1649;Чайник электрический стеклянный Redmond KG272;73179
1639;Чайник электрический стеклянный Redmond KG272;73180
1668;Чайник электрический стеклянный Redmond KG273;73181
1647;Чайник электрический Redmond KM240;73182
1635;Чайник электрический Redmond KM240;73184
1630;Чайник электрический Redmond KM244;73185
1638;Чайник электрический Redmond KM244;73186
1648;Чайник электрический Redmond KM244;73187
1625;Чайник электрический Redmond KM245;73188
1629;Чайник электрический Redmond KM245;73189
1646;Чайник электрический Redmond KM247;73191
1642;Умный чайник электрический стеклянный Redmond KG230S;73194
1667;Умный чайник электрический Redmond KM231S;73195
1634;Умный чайник электрический Redmond KM231S;73196
1704;Расческа-выпрямитель для волос Redmond HS1717;73239
1633;Чайник электрический стеклянный Redmond KG221;73255
1645;Чайник электрический стеклянный Redmond KG222;73256
1559;Утюг для одежды с отпаривателем Redmond IR1603;73352
1558;Утюг для одежды с отпаривателем Redmond RI-C292;73354
1632;Электрочайник Redmond KG255;73368
1641;Электрочайник Redmond KG256;73369
1666;Электрочайник Redmond KM243;73370
1491;Наушники беспроводные Xiaomi Buds 5 Pro BT;73503
1637;Электрочайник Redmond KM236;73782
1643;Электрический чайник Redmond KM238;73854
1682;Электрический чайник Xiaomi Electric 2 EU;73855
1758;Пылесос вертикальный беспроводной Redmond VH1311 PRO MAX;74011
1488;Наушники Xiaomi REDMI Buds 8 Lite BHR08OJGL;74551
1479;Наушники Xiaomi REDMI Buds 8 Lite BHR08OLGL;74554
1494;Наушники Xiaomi REDMI Buds 8 Lite BHR08OMGL;74555
1476;Умные аудиоочки Xiaomi Mijia Smart Audio Glasses Aviator BHR08VYGL;74556
1477;Умные аудиоочки Xiaomi Mijia Smart Audio Glasses Browline BHR08VXGL;74557
1478;Умные аудиоочки Xiaomi Mijia Smart Audio Glasses Titanium BHR08VZGL;74558
1620;Чайник электрический Ligrell LEK-1727PS;74616
1615;Чайник электрический Ligrell LEK-1727PS;74617
1618;Чайник электрический Ligrell LEK-1727PS;74618
1614;Чайник электрический Ligrell LEK-1747GS;74619
1486;Наушники REDMI Buds 8 Pro BHR08GJGL;74895
1481;Наушники REDMI Buds 8 Pro BHR08GMGL;74896
1482;Наушники REDMI Buds 8 Pro BHR08GOGL;74897
1473;Чайник электрический Ligrell LEK-1730;74912
1468;Чайник электрический Ligrell LEK-1730;74913
1469;Чайник электрический Ligrell LEK-1730;74914
1472;Чайник электрический Ligrell LEK-1730;74915
1566;Утюг Panasonic NI-S530VTV;74974
1562;Утюг Panasonic NI-M343VTW;74975
1607;Электрический чайник Tefal Thermo Protect Control KO6518E0;75060
1603;Термопот Tefal Flow BR3508E0;75127
1609;Электрический чайник Tefal Glass Kettle KO2G0BE0;75128
1608;Электрический чайник Tefal Glass Kettle KO2G08E0;75129
1766;Вертикальный беспроводной пылесос Tefal X-Force Flex 10.80 Animal Aqua TY7AD5E0;75141
1763;Вертикальный беспроводной пылесос Tefal X-Force Flex 10.80 Animal TY7A73E0;75142
1548;Паровой утюг Tefal Ultimate Pure FV9852E0;75149
1495;Наушники REDMI Buds 8 Active BHR08JUGL;76179
1483;Наушники REDMI Buds 8 Active BHR08JUGL беспроводные;76180
1487;Наушники REDMI Buds 8 Active BHR08JUGL;76181
1681;Электрический чайник Bosch TWK 7L460;76512
1673;Электрический чайник Bosch TWK 7L461;76513
1779;Вертикальный моющий пылесос Xiaomi Truclean W30 Pro EU BHR08GYEU;76957
1781;Вертикальный пылесос Xiaomi G30 Max EU BHR08C6EU;76958
1588;Чайник электрический Tefal Glass Kettle KI770D30 стеклянный, 1,7 л, с подсветкой, индикатором уровня воды, 2200 Вт, серебристый;8010000022
3454;Кружка керамическая;88831
3455;Тарелка керамическая;88939
1610;Чайник электрический DeLonghi Icona Vintage KBOV 2001.GR;9087
3477;Велосипед горный;91733
2706;Полуботинки женские демисезонные;A003301-36
2707;Полуботинки женские демисезонные;A003301-37
2708;Полуботинки женские демисезонные;A003301-38
2709;Полуботинки женские демисезонные;A003301-39
2710;Полуботинки женские демисезонные;A003301-40
2711;Полуботинки женские демисезонные;A003301-41
2712;Полуботинки женские демисезонные;A003348-36
2713;Полуботинки женские демисезонные;A003348-37
2714;Полуботинки женские демисезонные;A003348-38
2715;Полуботинки женские демисезонные;A003348-39
2716;Полуботинки женские демисезонные;A003348-40
2717;Полуботинки женские демисезонные;A003348-41
2718;Полуботинки женские демисезонные;A003432-36
2719;Полуботинки женские демисезонные;A003432-37
2720;Полуботинки женские демисезонные;A003432-38
2721;Полуботинки женские демисезонные;A003432-39
2722;Полуботинки женские демисезонные;A003432-40
2723;Полуботинки женские демисезонные;A003432-41
2724;Полуботинки женские демисезонные;A003448-36
2725;Полуботинки женские демисезонные;A003448-37
2726;Полуботинки женские демисезонные;A003448-38
2727;Полуботинки женские демисезонные;A003448-39
2728;Полуботинки женские демисезонные;A003448-40
2729;Полуботинки женские демисезонные;A003448-41
2730;Полуботинки женские демисезонные;A003516-36
2731;Полуботинки женские демисезонные;A003516-37
2732;Полуботинки женские демисезонные;A003516-38
2733;Полуботинки женские демисезонные;A003516-39
2734;Полуботинки женские демисезонные;A003516-40
2735;Полуботинки женские демисезонные;A003516-41
2736;Полуботинки женские демисезонные;A003548-36
2737;Полуботинки женские демисезонные;A003548-37
2738;Полуботинки женские демисезонные;A003548-38
2739;Полуботинки женские демисезонные;A003548-39
2740;Полуботинки женские демисезонные;A003548-40
2741;Полуботинки женские демисезонные;A003548-41
1851;Ботинки женские;D033144-36
1852;Ботинки женские;D033144-37
1853;Ботинки женские;D033144-38
1854;Ботинки женские;D033144-39
1855;Ботинки женские;D033144-40
1856;Ботинки женские;D033144-41
1857;Ботинки женские;D033148-36
1858;Ботинки женские;D033148-37
1859;Ботинки женские;D033148-38
1860;Ботинки женские;D033148-39
1861;Ботинки женские;D033148-40
1862;Ботинки женские;D033148-41
1863;Ботинки женские;D033162-36
1864;Ботинки женские;D033162-37
1865;Ботинки женские;D033162-38
1866;Ботинки женские;D033162-39
1867;Ботинки женские;D033162-40
1868;Ботинки женские;D033162-41
1869;Ботинки демисезонные;D033307-36
1870;Ботинки демисезонные;D033307-37
1871;Ботинки демисезонные;D033307-38
1872;Ботинки демисезонные;D033307-39
1873;Ботинки демисезонные;D033307-40
1874;Ботинки демисезонные;D033307-41
1875;Ботинки демисезонные;D033353-36
1876;Ботинки демисезонные;D033353-37
1877;Ботинки демисезонные;D033353-38
1878;Ботинки демисезонные;D033353-39
1879;Ботинки демисезонные;D033353-40
1880;Ботинки демисезонные;D033353-41
1881;Ботинки женские;D033453-36
1882;Ботинки женские;D033453-37
1883;Ботинки женские;D033453-38
1884;Ботинки женские;D033453-39
1885;Ботинки женские;D033453-40
1886;Ботинки женские;D033453-41
1887;Ботинки женские;D033474-36
1888;Ботинки женские;D033474-37
1889;Ботинки женские;D033474-38
1890;Ботинки женские;D033474-39
1891;Ботинки женские;D033474-40
1892;Ботинки женские;D033474-41
1893;Ботинки женские;D033553-36
1894;Ботинки женские;D033553-37
1895;Ботинки женские;D033553-38
1896;Ботинки женские;D033553-39
1897;Ботинки женские;D033553-40
1898;Ботинки женские;D033553-41
1899;Ботинки демисезонные;D033801-36
1900;Ботинки демисезонные;D033801-37
1901;Ботинки демисезонные;D033801-38
1902;Ботинки демисезонные;D033801-39
1903;Ботинки демисезонные;D033801-40
1904;Ботинки демисезонные;D033801-41
1905;Ботинки демисезонные;D033853-36
1906;Ботинки демисезонные;D033853-37
1907;Ботинки демисезонные;D033853-38
1908;Ботинки демисезонные;D033853-39
1909;Ботинки демисезонные;D033853-40
1910;Ботинки демисезонные;D033853-41
2332;Сапоги высокие женские демисезонные;D034401-36
2333;Сапоги высокие женские демисезонные;D034401-37
2334;Сапоги высокие женские демисезонные;D034401-38
2335;Сапоги высокие женские демисезонные;D034401-39
2336;Сапоги высокие женские демисезонные;D034401-40
2337;Сапоги высокие женские демисезонные;D034401-41
2742;Полуботинки из натуральной замши;D034844-36
2743;Полуботинки из натуральной замши;D034844-37
2744;Полуботинки из натуральной замши;D034844-38
2745;Полуботинки из натуральной замши;D034844-39
2746;Полуботинки из натуральной замши;D034844-40
2747;Полуботинки из натуральной замши;D034844-41
2748;Полуботинки женские;D034948-36
2749;Полуботинки женские;D034948-37
2750;Полуботинки женские;D034948-38
2751;Полуботинки женские;D034948-39
2752;Полуботинки женские;D034948-40
2753;Полуботинки женские;D034948-41
2754;Полуботинки женские;D034962-36
2755;Полуботинки женские;D034962-37
2756;Полуботинки женские;D034962-38
2757;Полуботинки женские;D034962-39
2758;Полуботинки женские;D034962-40
2759;Полуботинки женские;D034962-41
2760;Полуботинки женские;D034974-36
2761;Полуботинки женские;D034974-37
2762;Полуботинки женские;D034974-38
2763;Полуботинки женские;D034974-39
2764;Полуботинки женские;D034974-40
2765;Полуботинки женские;D034974-41
2766;Полуботинки из натуральной замши;D035054-36
2767;Полуботинки из натуральной замши;D035054-37
2768;Полуботинки из натуральной замши;D035054-38
2769;Полуботинки из натуральной замши;D035054-39
2770;Полуботинки из натуральной замши;D035054-40
2771;Полуботинки из натуральной замши;D035054-41
2772;Полуботинки из натуральной замши;D035153-36
2773;Полуботинки из натуральной замши;D035153-37
2774;Полуботинки из натуральной замши;D035153-38
2775;Полуботинки из натуральной замши;D035153-39
2776;Полуботинки из натуральной замши;D035153-40
2777;Полуботинки из натуральной замши;D035153-41
2778;Полуботинки женские замшевые;D035401-36
2779;Полуботинки женские замшевые;D035401-37
2780;Полуботинки женские замшевые;D035401-38
2781;Полуботинки женские замшевые;D035401-39
2782;Полуботинки женские замшевые;D035401-40
2783;Полуботинки женские замшевые;D035401-41
2784;Полуботинки женские замшевые;D035444-36
2785;Полуботинки женские замшевые;D035444-37
2786;Полуботинки женские замшевые;D035444-38
2787;Полуботинки женские замшевые;D035444-39
2788;Полуботинки женские замшевые;D035444-40
2789;Полуботинки женские замшевые;D035444-41
2790;Полуботинки женские замшевые;D035453-36
2791;Полуботинки женские замшевые;D035453-37
2792;Полуботинки женские замшевые;D035453-38
2793;Полуботинки женские замшевые;D035453-39
2794;Полуботинки женские замшевые;D035453-40
2795;Полуботинки женские замшевые;D035453-41
2984;Ботинки зимние из натуральной замши;D035648-36
2985;Ботинки зимние из натуральной замши;D035648-37
2986;Ботинки зимние из натуральной замши;D035648-38
2987;Ботинки зимние из натуральной замши;D035648-39
2988;Ботинки зимние из натуральной замши;D035648-40
2989;Ботинки зимние из натуральной замши;D035648-41
2796;Зимние полуботинки из натуральной замши;D035701-36
2797;Зимние полуботинки из натуральной замши;D035701-37
2798;Зимние полуботинки из натуральной замши;D035701-38
2799;Зимние полуботинки из натуральной замши;D035701-39
2800;Зимние полуботинки из натуральной замши;D035701-40
2801;Зимние полуботинки из натуральной замши;D035701-41
2802;Зимние полуботинки из натуральной замши;D035762-36
2803;Зимние полуботинки из натуральной замши;D035762-37
2804;Зимние полуботинки из натуральной замши;D035762-38
2805;Зимние полуботинки из натуральной замши;D035762-39
2806;Зимние полуботинки из натуральной замши;D035762-40
2807;Зимние полуботинки из натуральной замши;D035762-41
2808;Зимние полуботинки из натуральной замши;D035774-36
2809;Зимние полуботинки из натуральной замши;D035774-37
2810;Зимние полуботинки из натуральной замши;D035774-38
2811;Зимние полуботинки из натуральной замши;D035774-39
2812;Зимние полуботинки из натуральной замши;D035774-40
2813;Зимние полуботинки из натуральной замши;D035774-41
1911;Ботинки демисезонные;D036044-36
1912;Ботинки демисезонные;D036044-37
1913;Ботинки демисезонные;D036044-38
1914;Ботинки демисезонные;D036044-39
1915;Ботинки демисезонные;D036044-40
1916;Ботинки демисезонные;D036044-41
1917;Ботинки зимние;D036144-36
1918;Ботинки зимние;D036144-37
1919;Ботинки зимние;D036144-38
1920;Ботинки зимние;D036144-39
1921;Ботинки зимние;D036144-40
1922;Ботинки зимние;D036144-41
1923;Ботинки зимние;D036153-36
1924;Ботинки зимние;D036153-37
1925;Ботинки зимние;D036153-38
1926;Ботинки зимние;D036153-39
1927;Ботинки зимние;D036153-40
1928;Ботинки зимние;D036153-41
1929;Ботинки демисезонные;D036301-36
1930;Ботинки демисезонные;D036301-37
1931;Ботинки демисезонные;D036301-38
1932;Ботинки демисезонные;D036301-39
1933;Ботинки демисезонные;D036301-40
1934;Ботинки демисезонные;D036301-41
1935;Ботинки демисезонные;D036348-36
1936;Ботинки демисезонные;D036348-37
1937;Ботинки демисезонные;D036348-38
1938;Ботинки демисезонные;D036348-39
1939;Ботинки демисезонные;D036348-40
1940;Ботинки демисезонные;D036348-41
1941;Ботинки демисезонные;D036401-36
1942;Ботинки демисезонные;D036401-37
1943;Ботинки демисезонные;D036401-38
1944;Ботинки демисезонные;D036401-39
1945;Ботинки демисезонные;D036401-40
1946;Ботинки демисезонные;D036401-41
2972;Ботинки демисезонные;D036453-36
2973;Ботинки демисезонные;D036453-37
2974;Ботинки демисезонные;D036453-38
2975;Ботинки демисезонные;D036453-39
2976;Ботинки демисезонные;D036453-40
2977;Ботинки демисезонные;D036453-41
1947;Ботинки демисезонные;D036474-36
1948;Ботинки демисезонные;D036474-37
1949;Ботинки демисезонные;D036474-38
1950;Ботинки демисезонные;D036474-39
1951;Ботинки демисезонные;D036474-40
1952;Ботинки демисезонные;D036474-41
2505;Полусапоги демисезонные;D036647-36
2506;Полусапоги демисезонные;D036647-37
2507;Полусапоги демисезонные;D036647-38
2508;Полусапоги демисезонные;D036647-39
2509;Полусапоги демисезонные;D036647-40
2510;Полусапоги демисезонные;D036647-41
2511;Полусапоги демисезонные;D037301-36
2512;Полусапоги демисезонные;D037301-37
2513;Полусапоги демисезонные;D037301-38
2514;Полусапоги демисезонные;D037301-39
2515;Полусапоги демисезонные;D037301-40
2516;Полусапоги демисезонные;D037353-36
2517;Полусапоги демисезонные;D037353-37
2518;Полусапоги демисезонные;D037353-38
2519;Полусапоги демисезонные;D037353-39
2520;Полусапоги демисезонные;D037353-40
1444;Ботильоны демисезонные женские;D037416-36
1445;Ботильоны демисезонные женские;D037416-37
1446;Ботильоны демисезонные женские;D037416-38
1447;Ботильоны демисезонные женские;D037416-39
1448;Ботильоны демисезонные женские;D037416-40
1953;Ботинки женские;D037601-36
1954;Ботинки женские;D037601-37
1955;Ботинки женские;D037601-38
1956;Ботинки женские;D037601-39
1957;Ботинки женские;D037601-40
1958;Ботинки женские;D037601-41
1959;Ботинки женские;D037701-36
1960;Ботинки женские;D037701-37
1961;Ботинки женские;D037701-38
1962;Ботинки женские;D037701-39
1963;Ботинки женские;D037701-40
1964;Ботинки женские;D037701-41
1965;Ботинки женские;D037754-36
1966;Ботинки женские;D037754-37
1967;Ботинки женские;D037754-38
1968;Ботинки женские;D037754-39
1969;Ботинки женские;D037754-40
1970;Ботинки женские;D037754-41
2521;Полусапоги женские;D037801-36
2522;Полусапоги женские;D037801-37
2523;Полусапоги женские;D037801-38
2524;Полусапоги женские;D037801-39
2525;Полусапоги женские;D037801-40
2526;Полусапоги женские;D037801-41
2424;Сапоги казаки женские демисезонные;D037944-36
2425;Сапоги казаки женские демисезонные;D037944-37
2426;Сапоги казаки женские демисезонные;D037944-38
2427;Сапоги казаки женские демисезонные;D037944-39
2428;Сапоги казаки женские демисезонные;D037944-40
2429;Сапоги казаки женские демисезонные;D037944-41
2430;Сапоги казаки женские демисезонные;D037954-36
2431;Сапоги казаки женские демисезонные;D037954-37
2432;Сапоги казаки женские демисезонные;D037954-38
2433;Сапоги казаки женские демисезонные;D037954-39
2434;Сапоги казаки женские демисезонные;D037954-40
2435;Сапоги казаки женские демисезонные;D037954-41
2436;Демисезонные сапоги на каблуке;D038054-36
2437;Демисезонные сапоги на каблуке;D038054-37
2438;Демисезонные сапоги на каблуке;D038054-38
2439;Демисезонные сапоги на каблуке;D038054-39
2440;Демисезонные сапоги на каблуке;D038054-40
2441;Демисезонные сапоги на каблуке;D038054-41
2814;Полуботинки женские;D042007-36
2815;Полуботинки женские;D042007-37
2816;Полуботинки женские;D042007-38
2817;Полуботинки женские;D042007-39
2818;Полуботинки женские;D042007-40
2819;Полуботинки женские;D042007-41
2527;Полусапоги женские;D042551-36
2528;Полусапоги женские;D042551-37
2529;Полусапоги женские;D042551-38
2530;Полусапоги женские;D042551-39
2531;Полусапоги женские;D042551-40
2532;Полусапоги женские;D042551-41
1971;Ботинки женские;F911101-36
1972;Ботинки женские;F911101-37
1973;Ботинки женские;F911101-38
1974;Ботинки женские;F911101-39
1975;Ботинки женские;F911101-40
1976;Ботинки женские;F911101-41
1977;Ботинки женские;F911151-36
1978;Ботинки женские;F911151-37
1979;Ботинки женские;F911151-38
1980;Ботинки женские;F911151-39
1981;Ботинки женские;F911151-40
1982;Ботинки женские;F911151-41
2533;Полусапоги женские;F913701-36
2534;Полусапоги женские;F913701-37
2535;Полусапоги женские;F913701-38
2536;Полусапоги женские;F913701-39
2537;Полусапоги женские;F913701-40
1845;Кеды мужские;F914201-40
1846;Кеды мужские;F914201-41
1847;Кеды мужские;F914201-42
1848;Кеды мужские;F914201-43
1849;Кеды мужские;F914201-44
1850;Кеды мужские;F914201-45
2196;Ботинки мужские;F914301-40
2197;Ботинки мужские;F914301-41
2198;Ботинки мужские;F914301-42
2199;Ботинки мужские;F914301-43
2200;Ботинки мужские;F914301-44
2201;Ботинки мужские;F914301-45
2238;Полуботинки мужские;H003701-40
2239;Полуботинки мужские;H003701-41
2240;Полуботинки мужские;H003701-42
2241;Полуботинки мужские;H003701-43
2242;Полуботинки мужские;H003701-44
2243;Полуботинки мужские;H003701-45
2244;Полуботинки мужские;H003753-40
2245;Полуботинки мужские;H003753-41
2246;Полуботинки мужские;H003753-42
2247;Полуботинки мужские;H003753-43
2248;Полуботинки мужские;H003753-44
2249;Полуботинки мужские;H003753-45
2886;Полуботинки мужские;H003801-40
2887;Полуботинки мужские;H003801-41
2888;Полуботинки мужские;H003801-42
2889;Полуботинки мужские;H003801-43
2890;Полуботинки мужские;H003801-44
2891;Полуботинки мужские;H003801-45
1983;Ботинки женские;K012601-36
1984;Ботинки женские;K012601-37
1985;Ботинки женские;K012601-38
1986;Ботинки женские;K012601-39
1987;Ботинки женские;K012601-40
1988;Ботинки женские;K012601-41
1989;Ботинки женские;K012653-36
1990;Ботинки женские;K012653-37
1991;Ботинки женские;K012653-38
1992;Ботинки женские;K012653-39
1993;Ботинки женские;K012653-40
1994;Ботинки женские;K012653-41
1995;Ботинки женские;K013001-36
1996;Ботинки женские;K013001-37
1997;Ботинки женские;K013001-38
1998;Ботинки женские;K013001-39
1999;Ботинки женские;K013001-40
2000;Ботинки женские;K013001-41
2001;Ботинки женские;K013053-36
2002;Ботинки женские;K013053-37
2003;Ботинки женские;K013053-38
2004;Ботинки женские;K013053-39
2005;Ботинки женские;K013053-40
2006;Ботинки женские;K013053-41
2820;Полуботинки женские;K016101-36
2821;Полуботинки женские;K016101-37
2822;Полуботинки женские;K016101-38
2823;Полуботинки женские;K016101-39
2824;Полуботинки женские;K016101-40
2825;Полуботинки женские;K016101-41
2826;Полуботинки женские;K016153-36
2827;Полуботинки женские;K016153-37
2828;Полуботинки женские;K016153-38
2829;Полуботинки женские;K016153-39
2830;Полуботинки женские;K016153-40
2831;Полуботинки женские;K016153-41
2978;Ботинки женские;K016301-36
2979;Ботинки женские;K016301-37
2980;Ботинки женские;K016301-38
2981;Ботинки женские;K016301-39
2982;Ботинки женские;K016301-40
2983;Ботинки женские;K016301-41
2007;Ботинки женские;K016401-36
2008;Ботинки женские;K016401-37
2009;Ботинки женские;K016401-38
2010;Ботинки женские;K016401-39
2011;Ботинки женские;K016401-40
2012;Ботинки женские;K016401-41
2013;Ботинки женские;K016501-36
2014;Ботинки женские;K016501-37
2015;Ботинки женские;K016501-38
2016;Ботинки женские;K016501-39
2017;Ботинки женские;K016501-40
2018;Ботинки женские;K016501-41
2019;Ботинки женские;K016553-36
2020;Ботинки женские;K016553-37
2021;Ботинки женские;K016553-38
2022;Ботинки женские;K016553-39
2023;Ботинки женские;K016553-40
2024;Ботинки женские;K016553-41
2025;Ботинки женские;L107001-36
2026;Ботинки женские;L107001-37
2027;Ботинки женские;L107001-38
2028;Ботинки женские;L107001-39
2029;Ботинки женские;L107001-40
2030;Ботинки женские;L107001-41
2538;Демисезонные полусапоги с заклепками;L107401-36
2539;Демисезонные полусапоги с заклепками;L107401-37
2540;Демисезонные полусапоги с заклепками;L107401-38
2541;Демисезонные полусапоги с заклепками;L107401-39
2542;Демисезонные полусапоги с заклепками;L107401-40
2543;Демисезонные полусапоги с заклепками;L107401-41
2544;Полусапоги из натуральной замши;L107701-36
2545;Полусапоги из натуральной замши;L107701-37
2546;Полусапоги из натуральной замши;L107701-38
2547;Полусапоги из натуральной замши;L107701-39
2548;Полусапоги из натуральной замши;L107701-40
2549;Полусапоги из натуральной замши;L107701-41
2550;Полусапоги из натуральной замши;L107748-36
2551;Полусапоги из натуральной замши;L107748-37
2552;Полусапоги из натуральной замши;L107748-38
2553;Полусапоги из натуральной замши;L107748-39
2554;Полусапоги из натуральной замши;L107748-40
2555;Полусапоги из натуральной замши;L107748-41
2961;Демисезонные полусапоги на каблуке;L107953-36
2962;Демисезонные полусапоги на каблуке;L107953-37
2963;Демисезонные полусапоги на каблуке;L107953-38
2964;Демисезонные полусапоги на каблуке;L107953-39
2965;Демисезонные полусапоги на каблуке;L107953-40
2966;Демисезонные полусапоги на каблуке;L107953-41
2990;Женские демисезонные ботильоны на каблуке;L108401-36
2991;Женские демисезонные ботильоны на каблуке;L108401-37
2992;Женские демисезонные ботильоны на каблуке;L108401-38
2993;Женские демисезонные ботильоны на каблуке;L108401-39
2994;Женские демисезонные ботильоны на каблуке;L108401-40
2995;Женские демисезонные ботильоны на каблуке;L108401-41
2996;Ботинки демисезонные ботильоны на каблуке;L108648-36
2997;Ботинки демисезонные ботильоны на каблуке;L108648-37
2998;Ботинки демисезонные ботильоны на каблуке;L108648-38
2999;Ботинки демисезонные ботильоны на каблуке;L108648-39
3000;Ботинки демисезонные ботильоны на каблуке;L108648-40
3001;Ботинки демисезонные ботильоны на каблуке;L108648-41
2031;Ботинки демисезонные ботильоны на каблуке;L108901-36
2032;Ботинки демисезонные ботильоны на каблуке;L108901-37
2033;Ботинки демисезонные ботильоны на каблуке;L108901-38
2034;Ботинки демисезонные ботильоны на каблуке;L108901-39
2035;Ботинки демисезонные ботильоны на каблуке;L108901-40
2036;Ботинки демисезонные ботильоны на каблуке;L108901-41
2037;Ботинки демисезонные ботильоны на каблуке;L109301-36
2038;Ботинки демисезонные ботильоны на каблуке;L109301-37
2039;Ботинки демисезонные ботильоны на каблуке;L109301-38
2040;Ботинки демисезонные ботильоны на каблуке;L109301-39
2041;Ботинки демисезонные ботильоны на каблуке;L109301-40
2042;Ботинки демисезонные ботильоны на каблуке;L109301-41
2043;Ботинки демисезонные ботильоны на каблуке;L109353-36
2044;Ботинки демисезонные ботильоны на каблуке;L109353-37
2045;Ботинки демисезонные ботильоны на каблуке;L109353-38
2046;Ботинки демисезонные ботильоны на каблуке;L109353-39
2047;Ботинки демисезонные ботильоны на каблуке;L109353-40
2048;Ботинки демисезонные ботильоны на каблуке;L109353-41
2049;Демисезонные ботинки из натуральной кожи;L109401-36
2050;Демисезонные ботинки из натуральной кожи;L109401-37
2051;Демисезонные ботинки из натуральной кожи;L109401-38
2052;Демисезонные ботинки из натуральной кожи;L109401-39
2053;Демисезонные ботинки из натуральной кожи;L109401-40
2054;Демисезонные ботинки из натуральной кожи;L109401-41
2055;Демисезонные ботинки из натуральной кожи;L109448-36
2056;Демисезонные ботинки из натуральной кожи;L109448-37
2057;Демисезонные ботинки из натуральной кожи;L109448-38
2058;Демисезонные ботинки из натуральной кожи;L109448-39
2059;Демисезонные ботинки из натуральной кожи;L109448-40
2060;Демисезонные ботинки из натуральной кожи;L109448-41
2061;Ботинки демисезонные ботильоны на каблуке;L109601-36
2062;Ботинки демисезонные ботильоны на каблуке;L109601-37
2063;Ботинки демисезонные ботильоны на каблуке;L109601-38
2064;Ботинки демисезонные ботильоны на каблуке;L109601-39
2065;Ботинки демисезонные ботильоны на каблуке;L109601-40
2066;Ботинки демисезонные ботильоны на каблуке;L109601-41
2067;Ботинки демисезонные ботильоны на каблуке;L109648-36
2068;Ботинки демисезонные ботильоны на каблуке;L109648-37
2069;Ботинки демисезонные ботильоны на каблуке;L109648-38
2070;Ботинки демисезонные ботильоны на каблуке;L109648-39
2071;Ботинки демисезонные ботильоны на каблуке;L109648-40
2072;Ботинки демисезонные ботильоны на каблуке;L109648-41
2073;Ботинки демисезонные ботильоны на каблуке;L109662-36
2074;Ботинки демисезонные ботильоны на каблуке;L109662-37
2075;Ботинки демисезонные ботильоны на каблуке;L109662-38
2076;Ботинки демисезонные ботильоны на каблуке;L109662-39
2077;Ботинки демисезонные ботильоны на каблуке;L109662-40
2078;Ботинки демисезонные ботильоны на каблуке;L109662-41
2338;Сапоги высокие женские демисезонные;L110101-36
2339;Сапоги высокие женские демисезонные;L110101-37
2340;Сапоги высокие женские демисезонные;L110101-38
2341;Сапоги высокие женские демисезонные;L110101-39
2342;Сапоги высокие женские демисезонные;L110101-40
2343;Сапоги высокие женские демисезонные;L110101-41
2344;Демисезонные высокие сапоги на толстой подошве;L110201-36
2345;Демисезонные высокие сапоги на толстой подошве;L110201-37
2346;Демисезонные высокие сапоги на толстой подошве;L110201-38
2347;Демисезонные высокие сапоги на толстой подошве;L110201-39
2348;Демисезонные высокие сапоги на толстой подошве;L110201-40
2349;Демисезонные высокие сапоги на толстой подошве;L110201-41
2556;Полусапоги демисезонные;M007101-36
2557;Полусапоги демисезонные;M007101-37
2558;Полусапоги демисезонные;M007101-38
2559;Полусапоги демисезонные;M007101-39
2560;Полусапоги демисезонные;M007101-40
2561;Полусапоги демисезонные;M007151-36
2562;Полусапоги демисезонные;M007151-37
2563;Полусапоги демисезонные;M007151-38
2564;Полусапоги демисезонные;M007151-39
2565;Полусапоги демисезонные;M007151-40
2566;Полусапоги демисезонные;M007401-36
2567;Полусапоги демисезонные;M007401-37
2568;Полусапоги демисезонные;M007401-38
2569;Полусапоги демисезонные;M007401-39
2570;Полусапоги демисезонные;M007401-40
2571;Полусапоги демисезонные;M007501-36
2572;Полусапоги демисезонные;M007501-37
2573;Полусапоги демисезонные;M007501-38
2574;Полусапоги демисезонные;M007501-39
2575;Полусапоги демисезонные;M007501-40
2576;Полусапоги демисезонные;M007601-36
2577;Полусапоги демисезонные;M007601-37
2578;Полусапоги демисезонные;M007601-38
2579;Полусапоги демисезонные;M007601-39
2580;Полусапоги демисезонные;M007601-40
2581;Полусапоги демисезонные;M007653-36
2582;Полусапоги демисезонные;M007653-37
2583;Полусапоги демисезонные;M007653-38
2584;Полусапоги демисезонные;M007653-39
2585;Полусапоги демисезонные;M007653-40
2892;Сапоги высокие женские демисезонные;M008301-36
2893;Сапоги высокие женские демисезонные;M008301-37
2894;Сапоги высокие женские демисезонные;M008301-38
2895;Сапоги высокие женские демисезонные;M008301-39
2896;Сапоги высокие женские демисезонные;M008301-40
2967;Сапоги средние женские демисезонные;M008401-36
2968;Сапоги средние женские демисезонные;M008401-37
2969;Сапоги средние женские демисезонные;M008401-38
2970;Сапоги средние женские демисезонные;M008401-39
2971;Сапоги средние женские демисезонные;M008401-40
2350;Сапоги женские на низком каблуке;M008601-36
2351;Сапоги женские на низком каблуке;M008601-37
2352;Сапоги женские на низком каблуке;M008601-38
2353;Сапоги женские на низком каблуке;M008601-39
2354;Сапоги женские на низком каблуке;M008601-40
2688;Кеды женские;M010001-36
2689;Кеды женские;M010001-37
2690;Кеды женские;M010001-38
2691;Кеды женские;M010001-39
2692;Кеды женские;M010001-40
2693;Кеды женские;M010001-41
2694;Полуботинки женские;M010002-36
2695;Полуботинки женские;M010002-37
2696;Полуботинки женские;M010002-38
2697;Полуботинки женские;M010002-39
2698;Полуботинки женские;M010002-40
2699;Полуботинки женские;M010002-41
2700;Кеды женские;M010051-36
2701;Кеды женские;M010051-37
2702;Кеды женские;M010051-38
2703;Кеды женские;M010051-39
2704;Кеды женские;M010051-40
2705;Кеды женские;M010051-41
2256;Кроссовки женские;M010201-36
2257;Кроссовки женские;M010201-37
2258;Кроссовки женские;M010201-38
2259;Кроссовки женские;M010201-39
2260;Кроссовки женские;M010201-40
2261;Кроссовки женские;M010241-36
2262;Кроссовки женские;M010241-37
2263;Кроссовки женские;M010241-38
2264;Кроссовки женские;M010241-39
2265;Кроссовки женские;M010241-40
2442;Сапоги женские;M010401-36
2443;Сапоги женские;M010401-37
2444;Сапоги женские;M010401-38
2445;Сапоги женские;M010401-39
2446;Сапоги женские;M010401-40
2447;Сапоги женские;M010401-41
2832;Полуботинки демисезонные;O008201-36
2833;Полуботинки демисезонные;O008201-37
2834;Полуботинки демисезонные;O008201-38
2835;Полуботинки демисезонные;O008201-39
2836;Полуботинки демисезонные;O008201-40
2837;Полуботинки демисезонные;O008201-41
2838;Полуботинки демисезонные;O008248-36
2839;Полуботинки демисезонные;O008248-37
2840;Полуботинки демисезонные;O008248-38
2841;Полуботинки демисезонные;O008248-39
2842;Полуботинки демисезонные;O008248-40
2843;Полуботинки демисезонные;O008248-41
2844;Полуботинки демисезонные;O008253-36
2845;Полуботинки демисезонные;O008253-37
2846;Полуботинки демисезонные;O008253-38
2847;Полуботинки демисезонные;O008253-39
2848;Полуботинки демисезонные;O008253-40
2849;Полуботинки демисезонные;O008253-41
2079;Ботинки женские;O008301-36
2080;Ботинки женские;O008301-37
2081;Ботинки женские;O008301-38
2082;Ботинки женские;O008301-39
2083;Ботинки женские;O008301-40
2084;Ботинки женские;O008301-41
2085;Ботинки женские;O008348-36
2086;Ботинки женские;O008348-37
2087;Ботинки женские;O008348-38
2088;Ботинки женские;O008348-39
2089;Ботинки женские;O008348-40
2090;Ботинки женские;O008348-41
2850;Кроссовки женские летние;O008448-36
2851;Кроссовки женские летние;O008448-37
2852;Кроссовки женские летние;O008448-38
2853;Кроссовки женские летние;O008448-39
2854;Кроссовки женские летние;O008448-40
2855;Кроссовки женские летние;O008448-41
2266;Кроссовки женские летние;O008501-36
2267;Кроссовки женские летние;O008501-37
2268;Кроссовки женские летние;O008501-38
2269;Кроссовки женские летние;O008501-39
2270;Кроссовки женские летние;O008501-40
2271;Кроссовки женские летние;O008501-41
2272;Кроссовки женские летние;O008553-36
2273;Кроссовки женские летние;O008553-37
2274;Кроссовки женские летние;O008553-38
2275;Кроссовки женские летние;O008553-39
2276;Кроссовки женские летние;O008553-40
2277;Кроссовки женские летние;O008553-41
2278;Кроссовки женские летние;O008613-36
2279;Кроссовки женские летние;O008613-37
2280;Кроссовки женские летние;O008613-38
2281;Кроссовки женские летние;O008613-39
2282;Кроссовки женские летние;O008613-40
2283;Кроссовки женские летние;O008613-41
2163;Кроссовки женские летние;O008713-36
2164;Кроссовки женские летние;O008713-37
2165;Кроссовки женские летние;O008713-38
2166;Кроссовки женские летние;O008713-39
2167;Кроссовки женские летние;O008713-40
2168;Кроссовки женские летние;O008713-41
2856;Кроссовки женские летние;O008802-36
2857;Кроссовки женские летние;O008802-37
2858;Кроссовки женские летние;O008802-38
2859;Кроссовки женские летние;O008802-39
2860;Кроссовки женские летние;O008802-40
2861;Кроссовки женские летние;O008802-41
2202;Ботинки мужские;Q903201-40
2203;Ботинки мужские;Q903201-41
2204;Ботинки мужские;Q903201-42
2205;Ботинки мужские;Q903201-43
2206;Ботинки мужские;Q903201-44
2207;Ботинки мужские;Q903201-45
2208;Ботинки мужские;Q903253-40
2209;Ботинки мужские;Q903253-41
2210;Ботинки мужские;Q903253-42
2211;Ботинки мужские;Q903253-43
2212;Ботинки мужские;Q903253-44
2213;Ботинки мужские;Q903253-45
2232;Туфли мужские;Q903501-40
2233;Туфли мужские;Q903501-41
2234;Туфли мужские;Q903501-42
2235;Туфли мужские;Q903501-43
2236;Туфли мужские;Q903501-44
2237;Туфли мужские;Q903501-45
2214;Ботинки мужские осень кожаные;Q903601-40
2215;Ботинки мужские осень кожаные;Q903601-41
2216;Ботинки мужские осень кожаные;Q903601-42
2217;Ботинки мужские осень кожаные;Q903601-43
2218;Ботинки мужские осень кожаные;Q903601-44
2219;Ботинки мужские осень кожаные;Q903601-45
2190;Кроссовки мужские;Q903801-40
2191;Кроссовки мужские;Q903801-41
2192;Кроссовки мужские;Q903801-42
2193;Кроссовки мужские;Q903801-43
2194;Кроссовки мужские;Q903801-44
2195;Кроссовки мужские;Q903801-45
2586;Полусапоги демисезонные;S006001-36
2587;Полусапоги демисезонные;S006001-37
2588;Полусапоги демисезонные;S006001-38
2589;Полусапоги демисезонные;S006001-39
2590;Полусапоги демисезонные;S006001-40
2591;Полусапоги демисезонные;S006001-41
2592;Полусапоги демисезонные;S006007-36
2593;Полусапоги демисезонные;S006007-37
2594;Полусапоги демисезонные;S006007-38
2595;Полусапоги демисезонные;S006007-39
2596;Полусапоги демисезонные;S006007-40
2597;Полусапоги демисезонные;S006007-41
2598;Полусапоги демисезонные;S006048-36
2599;Полусапоги демисезонные;S006048-37
2600;Полусапоги демисезонные;S006048-38
2601;Полусапоги демисезонные;S006048-39
2602;Полусапоги демисезонные;S006048-40
2603;Полусапоги демисезонные;S006048-41
2091;Ботинки демисезонные;S006201-36
2092;Ботинки демисезонные;S006201-37
2093;Ботинки демисезонные;S006201-38
2094;Ботинки демисезонные;S006201-39
2095;Ботинки демисезонные;S006201-40
2096;Ботинки демисезонные;S006201-41
2448;Демисезонные высокие сапоги;S006301-36
2449;Демисезонные высокие сапоги;S006301-37
2450;Демисезонные высокие сапоги;S006301-38
2451;Демисезонные высокие сапоги;S006301-39
2452;Демисезонные высокие сапоги;S006301-40
2453;Демисезонные высокие сапоги;S006301-41
3244;Электрический чайник DeLonghi Brillante KBJ2001.BK, черный, 1.7 л, 2000 Вт, скрытый нагревательный элемент;SPB00005246
3002;Ботинки женские демисезонные;T910301-36
3003;Ботинки женские демисезонные;T910301-37
3004;Ботинки женские демисезонные;T910301-38
3005;Ботинки женские демисезонные;T910301-39
3006;Ботинки женские демисезонные;T910301-40
3007;Ботинки женские демисезонные;T910301-41
3008;Ботинки женские демисезонные;T910353-36
3009;Ботинки женские демисезонные;T910353-37
3010;Ботинки женские демисезонные;T910353-38
3011;Ботинки женские демисезонные;T910353-39
3012;Ботинки женские демисезонные;T910353-40
3013;Ботинки женские демисезонные;T910353-41
3014;Ботинки женские демисезонные;T910401-36
3015;Ботинки женские демисезонные;T910401-37
3016;Ботинки женские демисезонные;T910401-38
3017;Ботинки женские демисезонные;T910401-39
3018;Ботинки женские демисезонные;T910401-40
3019;Ботинки женские демисезонные;T910401-41
3020;Ботинки женские демисезонные;T910453-36
3021;Ботинки женские демисезонные;T910453-37
3022;Ботинки женские демисезонные;T910453-38
3023;Ботинки женские демисезонные;T910453-39
3024;Ботинки женские демисезонные;T910453-40
3025;Ботинки женские демисезонные;T910453-41
3026;Демисезонные ботильоны на толстом каблуке;T910901-36
3027;Демисезонные ботильоны на толстом каблуке;T910901-37
3028;Демисезонные ботильоны на толстом каблуке;T910901-38
3029;Демисезонные ботильоны на толстом каблуке;T910901-39
3030;Демисезонные ботильоны на толстом каблуке;T910901-40
3031;Демисезонные ботильоны на толстом каблуке;T910901-41
3032;Демисезонные ботильоны на толстом каблуке;T911001-36
3033;Демисезонные ботильоны на толстом каблуке;T911001-37
3034;Демисезонные ботильоны на толстом каблуке;T911001-38
3035;Демисезонные ботильоны на толстом каблуке;T911001-39
3036;Демисезонные ботильоны на толстом каблуке;T911001-40
3037;Демисезонные ботильоны на толстом каблуке;T911001-41
3038;Демисезонные ботильоны на толстом каблуке;T911053-36
3039;Демисезонные ботильоны на толстом каблуке;T911053-37
3040;Демисезонные ботильоны на толстом каблуке;T911053-38
3041;Демисезонные ботильоны на толстом каблуке;T911053-39
3042;Демисезонные ботильоны на толстом каблуке;T911053-40
3043;Демисезонные ботильоны на толстом каблуке;T911053-41
3044;Ботинки женские демисезонные;T911201-36
3045;Ботинки женские демисезонные;T911201-37
3046;Ботинки женские демисезонные;T911201-38
3047;Ботинки женские демисезонные;T911201-39
3048;Ботинки женские демисезонные;T911201-40
3049;Ботинки женские демисезонные;T911201-41
2097;Ботинки женские демисезонные;T911401-36
2098;Ботинки женские демисезонные;T911401-37
2099;Ботинки женские демисезонные;T911401-38
2100;Ботинки женские демисезонные;T911401-39
2101;Ботинки женские демисезонные;T911401-40
2102;Ботинки женские демисезонные;T911401-41
2103;Ботинки женские демисезонные;T911453-36
2104;Ботинки женские демисезонные;T911453-37
2105;Ботинки женские демисезонные;T911453-38
2106;Ботинки женские демисезонные;T911453-39
2107;Ботинки женские демисезонные;T911453-40
2108;Ботинки женские демисезонные;T911453-41
3050;Ботинки женские;T911501-36
3051;Ботинки женские;T911501-37
3052;Ботинки женские;T911501-38
3053;Ботинки женские;T911501-39
3054;Ботинки женские;T911501-40
3055;Ботинки женские;T911501-41
3056;Ботинки женские демисезонные;T911527-36
3057;Ботинки женские демисезонные;T911527-37
3058;Ботинки женские демисезонные;T911527-38
3059;Ботинки женские демисезонные;T911527-39
3060;Ботинки женские демисезонные;T911527-40
3061;Ботинки женские демисезонные;T911527-41
2604;Полусапоги женские демисезонные;T911601-36
2605;Полусапоги женские демисезонные;T911601-37
2606;Полусапоги женские демисезонные;T911601-38
2607;Полусапоги женские демисезонные;T911601-39
2608;Полусапоги женские демисезонные;T911601-40
2609;Полусапоги женские демисезонные;T911601-41
2676;Полусапоги женские демисезонные;T911653-36
2677;Полусапоги женские демисезонные;T911653-37
2678;Полусапоги женские демисезонные;T911653-38
2679;Полусапоги женские демисезонные;T911653-39
2680;Полусапоги женские демисезонные;T911653-40
2681;Полусапоги женские демисезонные;T911653-41
2610;Полусапоги женские демисезонные;T911701-36
2611;Полусапоги женские демисезонные;T911701-37
2612;Полусапоги женские демисезонные;T911701-38
2613;Полусапоги женские демисезонные;T911701-39
2614;Полусапоги женские демисезонные;T911701-40
2615;Полусапоги женские демисезонные;T911701-41
2616;Полусапоги женские демисезонные;T912201-36
2617;Полусапоги женские демисезонные;T912201-37
2618;Полусапоги женские демисезонные;T912201-38
2619;Полусапоги женские демисезонные;T912201-39
2620;Полусапоги женские демисезонные;T912201-40
2621;Полусапоги женские демисезонные;T912201-41
2622;Полусапоги женские демисезонные;T912253-36
2623;Полусапоги женские демисезонные;T912253-37
2624;Полусапоги женские демисезонные;T912253-38
2625;Полусапоги женские демисезонные;T912253-39
2626;Полусапоги женские демисезонные;T912253-40
2627;Полусапоги женские демисезонные;T912253-41
2628;Полусапоги женские демисезонные;T912410-36
2629;Полусапоги женские демисезонные;T912410-37
2630;Полусапоги женские демисезонные;T912410-38
2631;Полусапоги женские демисезонные;T912410-39
2632;Полусапоги женские демисезонные;T912410-40
2633;Полусапоги женские демисезонные;T912410-41
2634;Полусапоги женские демисезонные;T912453-36
2635;Полусапоги женские демисезонные;T912453-37
2636;Полусапоги женские демисезонные;T912453-38
2637;Полусапоги женские демисезонные;T912453-39
2638;Полусапоги женские демисезонные;T912453-40
2639;Полусапоги женские демисезонные;T912453-41
2109;Ботинки женские;T913601-36
2110;Ботинки женские;T913601-37
2111;Ботинки женские;T913601-38
2112;Ботинки женские;T913601-39
2113;Ботинки женские;T913601-40
2114;Ботинки женские;T913601-41
2115;Ботинки женские;T913653-36
2116;Ботинки женские;T913653-37
2117;Ботинки женские;T913653-38
2118;Ботинки женские;T913653-39
2119;Ботинки женские;T913653-40
2120;Ботинки женские;T913653-41
2121;Ботинки женские;T913701-36
2122;Ботинки женские;T913701-37
2123;Ботинки женские;T913701-38
2124;Ботинки женские;T913701-39
2125;Ботинки женские;T913701-40
2126;Ботинки женские;T913701-41
2127;Ботинки женские;T913753-36
2128;Ботинки женские;T913753-37
2129;Ботинки женские;T913753-38
2130;Ботинки женские;T913753-39
2131;Ботинки женские;T913753-40
2132;Ботинки женские;T913753-41
2133;Ботинки женские;T913901-36
2134;Ботинки женские;T913901-37
2135;Ботинки женские;T913901-38
2136;Ботинки женские;T913901-39
2137;Ботинки женские;T913901-40
2138;Ботинки женские;T913901-41
2139;Ботинки женские;T914001-36
2140;Ботинки женские;T914001-37
2141;Ботинки женские;T914001-38
2142;Ботинки женские;T914001-39
2143;Ботинки женские;T914001-40
2144;Ботинки женские;T914001-41
2640;Полусапоги женские;T914101-36
2641;Полусапоги женские;T914101-37
2642;Полусапоги женские;T914101-38
2643;Полусапоги женские;T914101-39
2644;Полусапоги женские;T914101-40
2645;Полусапоги женские;T914101-41
2646;Полусапоги женские;T914153-36
2647;Полусапоги женские;T914153-37
2648;Полусапоги женские;T914153-38
2649;Полусапоги женские;T914153-39
2650;Полусапоги женские;T914153-40
2651;Полусапоги женские;T914153-41
2682;Полусапоги женские;T914701-36
2683;Полусапоги женские;T914701-37
2684;Полусапоги женские;T914701-38
2685;Полусапоги женские;T914701-39
2686;Полусапоги женские;T914701-40
2687;Полусапоги женские;T914701-41
2652;Полусапоги женские;T914801-36
2653;Полусапоги женские;T914801-37
2654;Полусапоги женские;T914801-38
2655;Полусапоги женские;T914801-39
2656;Полусапоги женские;T914801-40
2657;Полусапоги женские;T914801-41
2145;Ботинки женские;T914901-36
2146;Ботинки женские;T914901-37
2147;Ботинки женские;T914901-38
2148;Ботинки женские;T914901-39
2149;Ботинки женские;T914901-40
2150;Ботинки женские;T914901-41
2151;Ботинки женские;T915601-36
2152;Ботинки женские;T915601-37
2153;Ботинки женские;T915601-38
2154;Ботинки женские;T915601-39
2155;Ботинки женские;T915601-40
2156;Ботинки женские;T915601-41
2157;Ботинки женские;T915753-36
2158;Ботинки женские;T915753-37
2159;Ботинки женские;T915753-38
2160;Ботинки женские;T915753-39
2161;Ботинки женские;T915753-40
2162;Ботинки женские;T915753-41
2355;Демисезонные высокие сапоги;T916901-36
2356;Демисезонные высокие сапоги;T916901-37
2357;Демисезонные высокие сапоги;T916901-38
2358;Демисезонные высокие сапоги;T916901-39
2359;Демисезонные высокие сапоги;T916901-40
2360;Демисезонные высокие сапоги;T916901-41
2361;Демисезонные высокие сапоги;T916902-36
2362;Демисезонные высокие сапоги;T916902-37
2363;Демисезонные высокие сапоги;T916902-38
2364;Демисезонные высокие сапоги;T916902-39
2365;Демисезонные высокие сапоги;T916902-40
2366;Демисезонные высокие сапоги;T916902-41
2454;Сапоги женские;T917601-36
2455;Сапоги женские;T917601-37
2456;Сапоги женские;T917601-38
2457;Сапоги женские;T917601-39
2458;Сапоги женские;T917601-40
2459;Сапоги женские;T917601-41
2897;Сапоги женские;T917701-36
2898;Сапоги женские;T917701-37
2899;Сапоги женские;T917701-38
2900;Сапоги женские;T917701-39
2901;Сапоги женские;T917701-40
2902;Сапоги женские;T917701-41
2903;Сапоги женские;T917753-36
2904;Сапоги женские;T917753-37
2905;Сапоги женские;T917753-38
2906;Сапоги женские;T917753-39
2907;Сапоги женские;T917753-40
2908;Сапоги женские;T917753-41
2460;Сапоги женские;T918001-36
2461;Сапоги женские;T918001-37
2462;Сапоги женские;T918001-38
2463;Сапоги женские;T918001-39
2464;Сапоги женские;T918001-40
2465;Сапоги женские;T918001-41
2367;Сапоги женские;T918801-36
2368;Сапоги женские;T918801-37
2369;Сапоги женские;T918801-38
2370;Сапоги женские;T918801-39
2371;Сапоги женские;T918801-40
2372;Сапоги женские;T918801-41
2909;Сапоги женские;T919401-36
2910;Сапоги женские;T919401-37
2911;Сапоги женские;T919401-38
2912;Сапоги женские;T919401-39
2913;Сапоги женские;T919401-40
2914;Сапоги женские;T919401-41
2915;Сапоги женские;T919527-36
2916;Сапоги женские;T919527-37
2917;Сапоги женские;T919527-38
2918;Сапоги женские;T919527-39
2919;Сапоги женские;T919527-40
2920;Сапоги женские;T919527-41
2373;Сапоги женские;T919701-36
2374;Сапоги женские;T919701-37
2375;Сапоги женские;T919701-38
2376;Сапоги женские;T919701-39
2377;Сапоги женские;T919701-40
2378;Сапоги женские;T919701-41
2921;Сапоги женские;T919801-36
2922;Сапоги женские;T919801-37
2923;Сапоги женские;T919801-38
2924;Сапоги женские;T919801-39
2925;Сапоги женские;T919801-40
2926;Сапоги женские;T919801-41
2927;Сапоги женские;T919853-36
2928;Сапоги женские;T919853-37
2929;Сапоги женские;T919853-38
2930;Сапоги женские;T919853-39
2931;Сапоги женские;T919853-40
2932;Сапоги женские;T919853-41
2933;Сапоги женские;T920001-35
2934;Сапоги женские;T920001-36
2935;Сапоги женские;T920001-37
2936;Сапоги женские;T920001-38
2937;Сапоги женские;T920001-39
2938;Сапоги женские;T920001-40
2939;Сапоги женские;T920001-41
2466;Сапоги женские;T920301-35
2467;Сапоги женские;T920301-36
2468;Сапоги женские;T920301-37
2469;Сапоги женские;T920301-38
2470;Сапоги женские;T920301-39
2471;Сапоги женские;T920301-40
2472;Сапоги женские;T920301-41
2940;Сапоги женские;T920501-35
2941;Сапоги женские;T920501-36
2942;Сапоги женские;T920501-37
2943;Сапоги женские;T920501-38
2944;Сапоги женские;T920501-39
2945;Сапоги женские;T920501-40
2946;Сапоги женские;T920501-41
2947;Сапоги женские;T920901-35
2948;Сапоги женские;T920901-36
2949;Сапоги женские;T920901-37
2950;Сапоги женские;T920901-38
2951;Сапоги женские;T920901-39
2952;Сапоги женские;T920901-40
2953;Сапоги женские;T920901-41
2954;Сапоги женские;T921001-35
2955;Сапоги женские;T921001-36
2956;Сапоги женские;T921001-37
2957;Сапоги женские;T921001-38
2958;Сапоги женские;T921001-39
2959;Сапоги женские;T921001-40
2960;Сапоги женские;T921001-41
2379;Сапоги женские;T921101-35
2380;Сапоги женские;T921101-36
2381;Сапоги женские;T921101-37
2382;Сапоги женские;T921101-38
2383;Сапоги женские;T921101-39
2384;Сапоги женские;T921101-40
2385;Сапоги женские;T921101-41
2386;Сапоги женские;T921201-35
2387;Сапоги женские;T921201-36
2388;Сапоги женские;T921201-37
2389;Сапоги женские;T921201-38
2390;Сапоги женские;T921201-39
2391;Сапоги женские;T921201-40
2392;Сапоги женские;T921201-41
2393;Сапоги женские;T921253-35
2394;Сапоги женские;T921253-36
2395;Сапоги женские;T921253-37
2396;Сапоги женские;T921253-38
2397;Сапоги женские;T921253-39
2398;Сапоги женские;T921253-40
2399;Сапоги женские;T921253-41
2400;Сапоги женские;T921501-35
2401;Сапоги женские;T921501-36
2402;Сапоги женские;T921501-37
2403;Сапоги женские;T921501-38
2404;Сапоги женские;T921501-39
2405;Сапоги женские;T921501-40
2406;Сапоги женские;T921501-41
2473;Сапоги женские;T921801-35
2474;Сапоги женские;T921801-36
2475;Сапоги женские;T921801-37
2476;Сапоги женские;T921801-38
2477;Сапоги женские;T921801-39
2478;Сапоги женские;T921801-40
2479;Сапоги женские;T921801-41
2480;Сапоги женские;T921853-35
2481;Сапоги женские;T921853-36
2482;Сапоги женские;T921853-37
2483;Сапоги женские;T921853-38
2484;Сапоги женские;T921853-39
2485;Сапоги женские;T921853-40
2486;Сапоги женские;T921853-41
2407;Демисезонные сапоги на каблуке;T921901-36
2408;Демисезонные сапоги на каблуке;T921901-37
2409;Демисезонные сапоги на каблуке;T921901-38
2410;Демисезонные сапоги на каблуке;T921901-39
2411;Демисезонные сапоги на каблуке;T921901-40
2412;Демисезонные сапоги на каблуке;T921901-41
2413;Сапоги женские;T922101-36
2414;Сапоги женские;T922101-37
2415;Сапоги женские;T922101-38
2416;Сапоги женские;T922101-39
2417;Сапоги женские;T922101-40
2487;Демисезонные высокие сапоги;T923101-36
2488;Демисезонные высокие сапоги;T923101-37
2489;Демисезонные высокие сапоги;T923101-38
2490;Демисезонные высокие сапоги;T923101-39
2491;Демисезонные высокие сапоги;T923101-40
2492;Демисезонные высокие сапоги;T923101-41
2493;Демисезонные сапоги;T923201-36
2494;Демисезонные сапоги;T923201-37
2495;Демисезонные сапоги;T923201-38
2496;Демисезонные сапоги;T923201-39
2497;Демисезонные сапоги;T923201-40
2498;Демисезонные сапоги;T923201-41
2499;Демисезонные сапоги;T923253-36
2500;Демисезонные сапоги;T923253-37
2501;Демисезонные сапоги;T923253-38
2502;Демисезонные сапоги;T923253-39
2503;Демисезонные сапоги;T923253-40
2504;Демисезонные сапоги;T923253-41
2658;Полусапоги женские демисезонные;T923401-36
2659;Полусапоги женские демисезонные;T923401-37
2660;Полусапоги женские демисезонные;T923401-38
2661;Полусапоги женские демисезонные;T923401-39
2662;Полусапоги женские демисезонные;T923401-40
2663;Полусапоги женские демисезонные;T923401-41
2664;Полусапоги женские демисезонные;T923453-36
2665;Полусапоги женские демисезонные;T923453-37
2666;Полусапоги женские демисезонные;T923453-38
2667;Полусапоги женские демисезонные;T923453-39
2668;Полусапоги женские демисезонные;T923453-40
2669;Полусапоги женские демисезонные;T923453-41
2418;Сапоги женские;T923501-36
2419;Сапоги женские;T923501-37
2420;Сапоги женские;T923501-38
2421;Сапоги женские;T923501-39
2422;Сапоги женские;T923501-40
2423;Сапоги женские;T923501-41
2670;Полусапоги женские;T924301-36
2671;Полусапоги женские;T924301-37
2672;Полусапоги женские;T924301-38
2673;Полусапоги женские;T924301-39
2674;Полусапоги женские;T924301-40
2675;Полусапоги женские;T924301-41
2220;Ботинки мужские;Y017701-40
2221;Ботинки мужские;Y017701-41
2222;Ботинки мужские;Y017701-42
2223;Ботинки мужские;Y017701-43
2224;Ботинки мужские;Y017701-44
2225;Ботинки мужские;Y017701-45
2226;Ботинки мужские;Y017901-40
2227;Ботинки мужские;Y017901-41
2228;Ботинки мужские;Y017901-42
2229;Ботинки мужские;Y017901-43
2230;Ботинки мужские;Y017901-44
2231;Ботинки мужские;Y017901-45
2250;Полуботинки мужские осень кожаные;Y018101-39
2251;Полуботинки мужские осень кожаные;Y018101-40
2252;Полуботинки мужские осень кожаные;Y018101-41
2253;Полуботинки мужские осень кожаные;Y018101-42
2254;Полуботинки мужские осень кожаные;Y018101-43
2255;Полуботинки мужские осень кожаные;Y018101-44
2169;Кроссовки женские летние;Z106601-36
2170;Кроссовки женские летние;Z106601-37
2171;Кроссовки женские летние;Z106601-38
2172;Кроссовки женские летние;Z106601-39
2173;Кроссовки женские летние;Z106601-40
2174;Кроссовки женские летние;Z106627-36
2175;Кроссовки женские летние;Z106627-37
2176;Кроссовки женские летние;Z106627-38
2177;Кроссовки женские летние;Z106627-39
2178;Кроссовки женские летние;Z106627-40
2179;Кроссовки женские летние;Z106727-36
2180;Кроссовки женские летние;Z106727-37
2181;Кроссовки женские летние;Z106727-38
2182;Кроссовки женские летние;Z106727-39
2183;Кроссовки женские летние;Z106727-40
2184;Кроссовки женские летние;Z106727-41
2284;Кроссовки женские летние;Z107101-36
2285;Кроссовки женские летние;Z107101-37
2286;Кроссовки женские летние;Z107101-38
2287;Кроссовки женские летние;Z107101-39
2288;Кроссовки женские летние;Z107101-40
2289;Кроссовки женские летние;Z107101-41
2290;Кроссовки женские летние;Z107110-36
2291;Кроссовки женские летние;Z107110-37
2292;Кроссовки женские летние;Z107110-38
2293;Кроссовки женские летние;Z107110-39
2294;Кроссовки женские летние;Z107110-40
2295;Кроссовки женские летние;Z107110-41
2296;Кроссовки женские летние;Z107153-36
2297;Кроссовки женские летние;Z107153-37
2298;Кроссовки женские летние;Z107153-38
2299;Кроссовки женские летние;Z107153-39
2300;Кроссовки женские летние;Z107153-40
2301;Кроссовки женские летние;Z107153-41
2185;Кроссовки женские демисезонные;Z107210-36
2186;Кроссовки женские демисезонные;Z107210-37
2187;Кроссовки женские демисезонные;Z107210-38
2188;Кроссовки женские демисезонные;Z107210-39
2189;Кроссовки женские демисезонные;Z107210-40
2862;Демисезонные полуботинки на толстой подошве;Z107301-36
2863;Демисезонные полуботинки на толстой подошве;Z107301-37
2864;Демисезонные полуботинки на толстой подошве;Z107301-38
2865;Демисезонные полуботинки на толстой подошве;Z107301-39
2866;Демисезонные полуботинки на толстой подошве;Z107301-40
2867;Демисезонные полуботинки на толстой подошве;Z107301-41
2868;Демисезонные полуботинки на толстой подошве;Z107327-36
2869;Демисезонные полуботинки на толстой подошве;Z107327-37
2870;Демисезонные полуботинки на толстой подошве;Z107327-38
2871;Демисезонные полуботинки на толстой подошве;Z107327-39
2872;Демисезонные полуботинки на толстой подошве;Z107327-40
2873;Демисезонные полуботинки на толстой подошве;Z107327-41
2874;Полуботинки женские замшевые;ZY00116-36
2875;Полуботинки женские замшевые;ZY00116-37
2876;Полуботинки женские замшевые;ZY00116-38
2877;Полуботинки женские замшевые;ZY00116-39
2878;Полуботинки женские замшевые;ZY00116-40
2879;Полуботинки женские замшевые;ZY00116-41
2880;Полуботинки женские замшевые;ZY00151-36
2881;Полуботинки женские замшевые;ZY00151-37
2882;Полуботинки женские замшевые;ZY00151-38
2883;Полуботинки женские замшевые;ZY00151-39
2884;Полуботинки женские замшевые;ZY00151-40
2885;Полуботинки женские замшевые;ZY00151-41
1717;Стайлер для выпрямления волос Braun Satin Hair 7 IONTEC ST710, плавающие керамические пластины, 9 режимов, дисплей;СП-00001886
1718;Выпрямитель для волос Philips Essential Care HP8321/00, пластины керамика/турмалин, функция быстрого нагрева, вращающийся шнур, система фиксации  ...;СП-00009471
1686;Чайник электрический Bosch TWK4P437, 1.7л, 2400 Вт, автовыключение, съемный фильтр от накипи, отсек для шнура, бежевый;СП-00016634
1692;Чайник электрический Braun PurEase WK 3110 WH, 2200 Вт, объем 1.7 л, автоотключение;СП-00022693
1690;Чайник электрический Braun PurEase WK3100 BK черный, 2200 Вт, 1.7 л, автоотключение;СП-00024044
1691;Чайник электрический Braun PurEase WK3110 BK черный, 3000 Вт, 1.7 л, автоотключение;СП-00024046
1720;Выпрямитель для волос Philips Essential BHD375/00, пластины с кератиновым покрытием, время нагрева 60 сек, вращающийся шнур, система фиксации пла ...;СП-00027355
1719;Выпрямитель для волос Philips StraightCare Essential BHS377/00, технология ThermoProtect, 10 температурных режимов, быстрый нагрев, пластины с ке ...;СП-00027356
1578;Паровой утюг Braun Texstyle 3 SI3053BL, мощность 2400 Вт, функция распыления воды, паровой носик, автоотключение;СП-00027377
1575;Паровой утюг Braun TexStyle 1 SI1080VI, мощность 2000 Вт, паровой носик, вертикальное отпаривание, функция распыления воды;СП-00045527
1572;Паровой утюг Braun TexStyle 7 SI7181VI, мощность 3100 Вт, подошва EloxalPlus, паровой удар 230 г/мин, анти-капля;СП-00047998
1696;Электрочайник Bosch TWK 3P423, 2400 Вт, 1.7л черный нержавеющая сталь, откидная крышка;СП-00049757
1722;Выпрямитель для волос Philips StyleCare Essential BHH880/00, нагрев за 50 секунд, защита от перегрева, турмалиновое керамическое покрытие, черный;СП-00051099
1797;Весы напольные электронные Renpho Core 1S BG260R стеклянные, с большим экраном, до 180 кг, градиент;СП-00053265
1795;Весы напольные умные электронные Renpho Elis 1 ES-32MD стеклянные, с bluetooth и функцией анализа 13 показателей тела, до 180 кг, белые;СП-00053266
1790;Весы напольные умные электронные Renpho Elis Aspire ES-BR001 стеклянные, с bluetooth и Wi-Fi подключением и функцией анализа 13 показателей тела, ...;СП-00053267
1792;Весы напольные умные электронные Renpho Elis 1 ES-CS20M стеклянные, с bluetooth и функцией анализа 13 показателей тела, до 180 кг, черные;СП-00053268
1791;Весы напольные умные Renpho Elis Aspire ES-WBE28 стеклянные, с bluetooth и Wi-Fi подключением и функцией анализа 13 показателей тела, до 180 кг,  ...;СП-00053271
1794;Весы напольные умные электронные Renpho Elis Solar R-A012 на солнечных батареях, с bluetooth и функцией анализа 13 показателей тела, до 180 кг, ч ...;СП-00053273
1579;Паровой утюг BRAUN FreeStyle 5 SI5057RD;СП-00054657
1577;Паровой утюг Braun FreeStyle 3 FI 3194BK, мощность 2400 Вт, вертикальное отпаривание, подошва SuperCeramic, паровой удар 200 г/мин;СП-00054658
1576;Паровой утюг Braun TexStyle 9 SI9661VI, 3100 Вт, подошва 3D Eloxal Plus, паровой носик, режим Turbo, подача пара до 250 г/мин;СП-00056636
1573;Паровой утюг Braun TexStyle 9 SI9682DB, мощность 3200 Вт, подошва Eloxal Plus, вертикальное отпаривание;СП-00056637
3294;Утюг Philips DST3011/20, голубой, 2100Вт, керамическая подошва, вертикальное отпаривание;СП-00060233
1580;Паровой утюг Braun TexStyle 5 SI5256BL, мощность 2600 Вт, вертикальное отпаривание, режим Турбо, подошва SuperCeramic 3D;СП-00061421
1574;Паровой утюг Braun TexStyle 5 SI5277GR, мощность 2700 Вт, паровой удар, вертикальное отпаривание, подошва SuperCeramic 3D;СП-00061422
1693;Чайник электрический Bosch TWK 1M127, 17 л, 2400 Вт, бежевый;СП-00063042
1776;Беспроводной пылесос Samsung VS20B75ADR5/EV;СП-00063720
3246;Электрический чайник Panasonic NC-CWK51, черный, 1.7л, 1500 Вт, защита от включения без воды;СП-00063884
1685;Электрический чайник Bosch TWK1M124 1,7 л, 2400 Вт, красный;СП-00064806
1689;Чайник электрический Braun WK1500WH PurShine 2200 Вт 1,7 л нагрев за 45 сек, моющийся фильтр от накипи, 4-ступенчатая система безопасности, матов ...;СП-00066776
3245;Чайник электрический Bosch TWK2M161, 2400 Вт, 1.7 л, белый;СП-00068428
3243;Чайник электрический Bosch TWK2M163, 2400 Вт, 1.7 л, черный;СП-00068429
1695;Электрический чайник Bosch TWK 3M127, 2400 Вт, 1.7 л, бежевый;СП-00070977
1504;Игровые проводные наушники Machenike GX30 Moonlight, подсветка, двойной динамик, микрофон;СП-00071010
1505;Игровые беспроводные наушники Machenike GX30 Pro Midnight, подсветка, двойной динамик, микрофон;СП-00071025
1508;Проводная игровая гарнитура Thunderobot HG550 Aura;СП-00071162
1506;Проводная игровая гарнитура Thunderobot HG500 Arcade;СП-00071163
1507;Проводная игровая гарнитура Thunderobot H41;СП-00071164
1770;Пылесос беспроводной со станцией самоочистки Roborock H60 Hub Ultra, 210 аВт, 3 режима, многоуровневая фильтрация (+HEPA) подсветка, телескопичес ...;СП-00071544
1775;Пылесос беспроводной со станцией самоочистки Roborock H60 Hub Pro, 170 аВт, 3 режима, многоуровневая фильтрация (+HEPA) подсветка, телескопическа ...;СП-00071547
1771;Пылесос беспроводной со станцией самоочистки Roborock H60 Hub, 115 аВт, 3 режима, многоуровневая фильтрация (+HEPA) подсветка, телескопическая тр ...;СП-00071548
1774;Пылесос вертикальный беспроводной Roborock H60 Ultra, 210 аВт, 3 режима, многоуровневая фильтрация (+HEPA) подсветка, защита от засоров, сгибаема ...;СП-00071549
1773;Пылесос вертикальный беспроводной Roborock H60 PRO, 170 аВт, 3 режима, многоуровневая фильтрация (+ HEPA) подсветка, защита от засоров, сгибаемая ...;СП-00071550
1772;Пылесос вертикальный беспроводной Roborock H60, 115 аВт, 3 режима, многоуровневая фильтрация (+ HEPA) подсветка, защита от засоров, сгибаемая тру ...;СП-00071551
3295;Утюг Panasonic NI-S530VTV, 2400 Вт, паровой удар 110 г/мин, постоянная подача пара 28 г/мин, керамическая подошва, защита от накипи, фиолетовый;СП-00074974
1500;Наушники Samsung Galaxy Buds4 Pro (РСТ), черный;СП-00075021
1502;Наушники Samsung Galaxy Buds4 Pro (РСТ), белый;СП-00075022
1503;Наушники Samsung Galaxy Buds4 (РСТ), черный;СП-00075024
1501;Наушники Samsung Galaxy Buds4 (РСТ), белый;СП-00075025
1796;Весы напольные Renpho R-MSC04;СП-00075909
1793;Весы напольные Renpho A020;СП-00075912
1569;Паровой утюг SIK2400BKV;СП-00076063
1568;Паровой утюг Gorenje SIK2800BKV;СП-00076064
1688;Электрический чайник Braun WK1500 GY, 2200 Вт, объем 1,7 л;СП-00076852
1698;Электрический чайник Panasonic NC-CWK210, 1.5л, черный;СП-00077084
1721;Выпрямитель для волос Philips 7000 Series BHS752/00, 53 Вт, 12 температурных режимов, керамические пластины, вращающийся шнур, автоотключение, че ...;СП-00077315
1571;Утюг Braun FI7255GR, 2000 Вт, подача пара 55 г/мин, паровой удар 240 г/мин, подошва FreeGlide 3D, эргономичная ручка, автоотключение;СП-00078090
