Id Товара;Незаполненные обязательные поля;Что будет подставлено
20082560;Количество в упаковке, Кратность заказа, Минимальное количество, Описание, ТН ВЭД;заглушка: Количество в упаковке, заглушка: Кратность заказа, заглушка: Минимальное количество, заглушка: Описание, заглушка: ТН ВЭД
20082561;Количество в упаковке, Кратность заказа, Минимальное количество, Описание, ТН ВЭД;заглушка: Количество в упаковке, заглушка: Кратность заказа, заглушка: Минимальное количество, заглушка: Описание, заглушка: ТН ВЭД
20083046;Количество в упаковке, Кратность заказа, Минимальное количество, Описание, ТН ВЭД;заглушка: Количество в упаковке, заглушка: Кратность заказа, заглушка: Минимальное количество, заглушка: Описание, заглушка: ТН ВЭД
20083495;Количество в упаковке, Кратность заказа, Минимальное количество, Описание, ТН ВЭД;заглушка: Количество в упаковке, заглушка: Кратность заказа, заглушка: Минимальное количество, заглушка: Описание, заглушка: ТН ВЭД
20083716;Количество в упаковке, Кратность заказа, Минимальное количество, Описание, ТН ВЭД;заглушка: Количество в упаковке, заглушка: Кратность заказа, заглушка: Минимальное количество, заглушка: Описание, заглушка: ТН ВЭД
20085988;Количество в упаковке, Кратность заказа, Минимальное количество, Описание, ТН ВЭД;заглушка: Количество в упаковке, заглушка: Кратность заказа, заглушка: Минимальное количество, заглушка: Описание, заглушка: ТН ВЭД
20085989;Количество в упаковке, Кратность заказа, Минимальное количество, Описание, ТН ВЭД;заглушка: Количество в упаковке, заглушка: Кратность заказа, заглушка: Минимальное количество, заглушка: Описание, заглушка: ТН ВЭД
20086324;Количество в упаковке, Кратность заказа, Минимальное количество, Описание, ТН ВЭД;заглушка: Количество в упаковке, заглушка: Кратность заказа, заглушка: Минимальное количество, заглушка: Описание, заглушка: ТН ВЭД
20086325;Количество в упаковке, Кратность заказа, Минимальное количество, Описание, ТН ВЭД;заглушка: Количество в упаковке, заглушка: Кратность заказа, заглушка: Минимальное количество, заглушка: Описание, заглушка: ТН ВЭД
400020267;Количество в упаковке, Кратность заказа, Минимальное количество, Описание, ТН ВЭД;заглушка: Количество в упаковке, заглушка: Кратность заказа, заглушка: Минимальное количество, заглушка: Описание, заглушка: ТН ВЭД
400020286;Количество в упаковке, Кратность заказа, Минимальное количество, ТН ВЭД;заглушка: Количество в упаковке, заглушка: Кратность заказа, заглушка: Минимальное количество, заглушка: ТН ВЭД
400071367;Количество в упаковке, Кратность заказа, Минимальное количество, Описание, ТН ВЭД;заглушка: Количество в упаковке, заглушка: Кратность заказа, заглушка: Минимальное количество, заглушка: Описание, заглушка: ТН ВЭД
400071370;Количество в упаковке, Кратность заказа, Минимальное количество, Описание, ТН ВЭД;заглушка: Количество в упаковке, заглушка: Кратность заказа, заглушка: Минимальное количество, заглушка: Описание, заглушка: ТН ВЭД
400071372;Количество в упаковке, Кратность заказа, Минимальное количество, Описание, ТН ВЭД;заглушка: Количество в упаковке, заглушка: Кратность заказа, заглушка: Минимальное количество, заглушка: Описание, заглушка: ТН ВЭД
400071373;Количество в упаковке, Кратность заказа, Минимальное количество, Описание, ТН ВЭД;заглушка: Количество в упаковке, заглушка: Кратность заказа, заглушка: Минимальное количество, заглушка: Описание, заглушка: ТН ВЭД
400095987;Количество в упаковке, Кратность заказа, Минимальное количество, ТН ВЭД;заглушка: Количество в упаковке, заглушка: Кратность заказа, заглушка: Минимальное количество, заглушка: ТН ВЭД
400184937;Количество в упаковке, Кратность заказа, Минимальное количество, Описание, ТН ВЭД;заглушка: Количество в упаковке, заглушка: Кратность заказа, заглушка: Минимальное количество, заглушка: Описание, заглушка: ТН ВЭД
400185461;Количество в упаковке, Кратность заказа, Минимальное количество, Описание, ТН ВЭД;заглушка: Количество в упаковке, заглушка: Кратность заказа, заглушка: Минимальное количество, заглушка: Описание, заглушка: ТН ВЭД
400186036;Количество в упаковке, Кратность заказа, Минимальное количество, Описание, ТН ВЭД;заглушка: Количество в упаковке, заглушка: Кратность заказа, заглушка: Минимальное количество, заглушка: Описание, заглушка: ТН ВЭД
400186037;Количество в упаковке, Кратность заказа, Минимальное количество, Описание, ТН ВЭД;заглушка: Количество в упаковке, заглушка: Кратность заказа, заглушка: Минимальное количество, заглушка: Описание, заглушка: ТН ВЭД
400189958;Количество в упаковке, Кратность заказа, Минимальное количество, ТН ВЭД;заглушка: Количество в упаковке, заглушка: Кратность заказа, заглушка: Минимальное количество, заглушка: ТН ВЭД
400242584;Количество в упаковке, Кратность заказа, Минимальное количество, ТН ВЭД;заглушка: Количество в упаковке, заглушка: Кратность заказа, заглушка: Минимальное количество, заглушка: ТН ВЭД
400242586;Количество в упаковке, Кратность заказа, Минимальное количество, ТН ВЭД;заглушка: Количество в упаковке, заглушка: Кратность заказа, заглушка: Минимальное количество, заглушка: ТН ВЭД
400242968;Количество в упаковке, Кратность заказа, Минимальное количество, ТН ВЭД;заглушка: Количество в упаковке, заглушка: Кратность заказа, заглушка: Минимальное количество, заглушка: ТН ВЭД
400257477;Количество в упаковке, Кратность заказа, Минимальное количество, ТН ВЭД;заглушка: Количество в упаковке, заглушка: Кратность заказа, заглушка: Минимальное количество, заглушка: ТН ВЭД
400273174;Количество в упаковке, Кратность заказа, Минимальное количество, ТН ВЭД;заглушка: Количество в упаковке, заглушка: Кратность заказа, заглушка: Минимальное количество, заглушка: ТН ВЭД
400273175;Количество в упаковке, Кратность заказа, Минимальное количество, ТН ВЭД;заглушка: Количество в упаковке, заглушка: Кратность заказа, заглушка: Минимальное количество, заглушка: ТН ВЭД
400300872;Количество в упаковке, Кратность заказа, Минимальное количество, ТН ВЭД;заглушка: Количество в упаковке, заглушка: Кратность заказа, заглушка: Минимальное количество, заглушка: ТН ВЭД
400310242;Количество в упаковке, Кратность заказа, Минимальное количество, ТН ВЭД;заглушка: Количество в упаковке, заглушка: Кратность заказа, заглушка: Минимальное количество, заглушка: ТН ВЭД
400345267;Количество в упаковке, Кратность заказа, Минимальное количество, ТН ВЭД;заглушка: Количество в упаковке, заглушка: Кратность заказа, заглушка: Минимальное количество, заглушка: ТН ВЭД
400345589;Количество в упаковке, Кратность заказа, Минимальное количество, ТН ВЭД;заглушка: Количество в упаковке, заглушка: Кратность заказа, заглушка: Минимальное количество, заглушка: ТН ВЭД
400345592;Количество в упаковке, Кратность заказа, Минимальное количество, ТН ВЭД;заглушка: Количество в упаковке, заглушка: Кратность заказа, заглушка: Минимальное количество, заглушка: ТН ВЭД
400345631;Количество в упаковке, Кратность заказа, Минимальное количество, ТН ВЭД;заглушка: Количество в упаковке, заглушка: Кратность заказа, заглушка: Минимальное количество, заглушка: ТН ВЭД
400348289;Количество в упаковке, Кратность заказа, Минимальное количество, ТН ВЭД;заглушка: Количество в упаковке, заглушка: Кратность заказа, заглушка: Минимальное количество, заглушка: ТН ВЭД
400348823;Количество в упаковке, Кратность заказа, Минимальное количество, ТН ВЭД;заглушка: Количество в упаковке, заглушка: Кратность заказа, заглушка: Минимальное количество, заглушка: ТН ВЭД
400348828;Количество в упаковке, Кратность заказа, Минимальное количество, ТН ВЭД;заглушка: Количество в упаковке, заглушка: Кратность заказа, заглушка: Минимальное количество, заглушка: ТН ВЭД
400348844;Количество в упаковке, Кратность заказа, Минимальное количество, ТН ВЭД;заглушка: Количество в упаковке, заглушка: Кратность заказа, заглушка: Минимальное количество, заглушка: ТН ВЭД
400364545;Количество в упаковке, Кратность заказа, Минимальное количество, ТН ВЭД;заглушка: Количество в упаковке, заглушка: Кратность заказа, заглушка: Минимальное количество, заглушка: ТН ВЭД
400364562;Количество в упаковке, Кратность заказа, Минимальное количество, ТН ВЭД;заглушка: Количество в упаковке, заглушка: Кратность заказа, заглушка: Минимальное количество, заглушка: ТН ВЭД
400366182;Количество в упаковке, Кратность заказа, Минимальное количество, ТН ВЭД;заглушка: Количество в упаковке, заглушка: Кратность заказа, заглушка: Минимальное количество, заглушка: ТН ВЭД
400410763;Количество в упаковке, Кратность заказа, Минимальное количество, ТН ВЭД;заглушка: Количество в упаковке, заглушка: Кратность заказа, заглушка: Минимальное количество, заглушка: ТН ВЭД
400421690;Количество в упаковке, Кратность заказа, Минимальное количество, ТН ВЭД;заглушка: Количество в упаковке, заглушка: Кратность заказа, заглушка: Минимальное количество, заглушка: ТН ВЭД
400444780;Количество в упаковке, Кратность заказа, Минимальное количество, ТН ВЭД;заглушка: Количество в упаковке, заглушка: Кратность заказа, заглушка: Минимальное количество, заглушка: ТН ВЭД
400446273;Количество в упаковке, Кратность заказа, Минимальное количество, ТН ВЭД;заглушка: Количество в упаковке, заглушка: Кратность заказа, заглушка: Минимальное количество, заглушка: ТН ВЭД
400455170;Количество в упаковке, Кратность заказа, Минимальное количество, ТН ВЭД;заглушка: Количество в упаковке, заглушка: Кратность заказа, заглушка: Минимальное количество, заглушка: ТН ВЭД
400457846;Количество в упаковке, Кратность заказа, Минимальное количество, ТН ВЭД;заглушка: Количество в упаковке, заглушка: Кратность заказа, заглушка: Минимальное количество, заглушка: ТН ВЭД
400457908;Количество в упаковке, Кратность заказа, Минимальное количество, ТН ВЭД;заглушка: Количество в упаковке, заглушка: Кратность заказа, заглушка: Минимальное количество, заглушка: ТН ВЭД
400460558;Количество в упаковке, Кратность заказа, Минимальное количество, ТН ВЭД;заглушка: Количество в упаковке, заглушка: Кратность заказа, заглушка: Минимальное количество, заглушка: ТН ВЭД
400505476;Количество в упаковке, Кратность заказа, Минимальное количество, ТН ВЭД;заглушка: Количество в упаковке, заглушка: Кратность заказа, заглушка: Минимальное количество, заглушка: ТН ВЭД
400506631;Количество в упаковке, Кратность заказа, Минимальное количество, ТН ВЭД;заглушка: Количество в упаковке, заглушка: Кратность заказа, заглушка: Минимальное количество, заглушка: ТН ВЭД
400538982;Количество в упаковке, Кратность заказа, Минимальное количество, ТН ВЭД;заглушка: Количество в упаковке, заглушка: Кратность заказа, заглушка: Минимальное количество, заглушка: ТН ВЭД
400559529;Количество в упаковке, Кратность заказа, Минимальное количество, ТН ВЭД;заглушка: Количество в упаковке, заглушка: Кратность заказа, заглушка: Минимальное количество, заглушка: ТН ВЭД
400559552;Количество в упаковке, Кратность заказа, Минимальное количество, ТН ВЭД;заглушка: Количество в упаковке, заглушка: Кратность заказа, заглушка: Минимальное количество, заглушка: ТН ВЭД
400559554;Количество в упаковке, Кратность заказа, Минимальное количество, ТН ВЭД, Штрихкод;заглушка: Количество в упаковке, заглушка: Кратность заказа, заглушка: Минимальное количество, заглушка: ТН ВЭД, заглушка: Штрихкод
400596119;Количество в упаковке, Кратность заказа, Минимальное количество, ТН ВЭД;заглушка: Количество в упаковке, заглушка: Кратность заказа, заглушка: Минимальное количество, заглушка: ТН ВЭД
400640028;Количество в упаковке, Кратность заказа, Минимальное количество, ТН ВЭД;заглушка: Количество в упаковке, заглушка: Кратность заказа, заглушка: Минимальное количество, заглушка: ТН ВЭД
400735996;Количество в упаковке, Кратность заказа, Минимальное количество, ТН ВЭД, Штрихкод;заглушка: Количество в упаковке, заглушка: Кратность заказа, заглушка: Минимальное количество, заглушка: ТН ВЭД, заглушка: Штрихкод
400735998;Количество в упаковке, Кратность заказа, Минимальное количество, ТН ВЭД, Штрихкод;заглушка: Количество в упаковке, заглушка: Кратность заказа, заглушка: Минимальное количество, заглушка: ТН ВЭД, заглушка: Штрихкод
400735999;Количество в упаковке, Кратность заказа, Минимальное количество, ТН ВЭД, Штрихкод;заглушка: Количество в упаковке, заглушка: Кратность заказа, заглушка: Минимальное количество, заглушка: ТН ВЭД, заглушка: Штрихкод
400738566;Количество в упаковке, Кратность заказа, Минимальное количество, ТН ВЭД, Штрихкод;заглушка: Количество в упаковке, заглушка: Кратность заказа, заглушка: Минимальное количество, заглушка: ТН ВЭД, заглушка: Штрихкод
400738567;Количество в упаковке, Кратность заказа, Минимальное количество, ТН ВЭД, Штрихкод;заглушка: Количество в упаковке, заглушка: Кратность заказа, заглушка: Минимальное количество, заглушка: ТН ВЭД, заглушка: Штрихкод
400738570;Количество в упаковке, Кратность заказа, Минимальное количество, ТН ВЭД, Штрихкод;заглушка: Количество в упаковке, заглушка: Кратность заказа, заглушка: Минимальное количество, заглушка: ТН ВЭД, заглушка: Штрихкод
400738571;Количество в упаковке, Кратность заказа, Минимальное количество, ТН ВЭД, Штрихкод;заглушка: Количество в упаковке, заглушка: Кратность заказа, заглушка: Минимальное количество, заглушка: ТН ВЭД, заглушка: Штрихкод
400779309;Количество в упаковке, Кратность заказа, Минимальное количество, ТН ВЭД;заглушка: Количество в упаковке, заглушка: Кратность заказа, заглушка: Минимальное количество, заглушка: ТН ВЭД
400779839;Количество в упаковке, Кратность заказа, Минимальное количество, ТН ВЭД;заглушка: Количество в упаковке, заглушка: Кратность заказа, заглушка: Минимальное количество, заглушка: ТН ВЭД
400780051;Количество в упаковке, Кратность заказа, Минимальное количество, ТН ВЭД;заглушка: Количество в упаковке, заглушка: Кратность заказа, заглушка: Минимальное количество, заглушка: ТН ВЭД
401045770;Количество в упаковке, Кратность заказа, Минимальное количество, ТН ВЭД, Штрихкод;заглушка: Количество в упаковке, заглушка: Кратность заказа, заглушка: Минимальное количество, заглушка: ТН ВЭД, заглушка: Штрихкод
401046068;Количество в упаковке, Кратность заказа, Минимальное количество, ТН ВЭД, Штрихкод;заглушка: Количество в упаковке, заглушка: Кратность заказа, заглушка: Минимальное количество, заглушка: ТН ВЭД, заглушка: Штрихкод
